0.0,0.0,0.2787372139415764,0.2787372139415764,0.22873298141516654,-0.17372692741093884
1.0,1.0,0.7238405455248074,0.7238405455248074,-1.2151356112818292,-0.45495522283187917
0.0,0.0,0.0,0.0,1.5375508389958923,1.3151652728691494
0.0,0.0,0.18273608506889777,0.0,0.30078482992818645,0.23500809305855885
1.0,0.0,1.0,-0.2795685698579254,-0.05917000244565763,0.06538855228484919
1.0,-1.0,0.7433065958069516,-1.0,0.3863684741928519,0.8717566247688047
0.0,-1.0,-0.23262562011113727,-1.0,2.2772941569225584,1.6681519842570127
-1.0,-1.0,-0.7420323047479719,-0.7420323047479719,-0.3412573696656438,-0.04441892899879668
0.0,0.0,-0.15653404942025792,0.15653404942025792,0.8094233013262929,0.7332630752104191
-1.0,1.0,-1.0,0.7558001567123032,0.3228823449149432,0.5833396267945938
-1.0,0.0,-0.7177252341738901,0.0,1.3894566652465112,1.2262414574484874
0.0,0.0,-0.26029030052785634,0.0,0.8112427136013629,0.9455150792090978
-1.0,0.0,-1.0,0.0,1.3270989146793013,0.7394159237694502
-1.0,0.0,-1.0,0.2860930662658556,-2.1687146880528956,-1.2483681236837083
-1.0,1.0,-1.2551035459564661,1.2551035459564661,1.048233476338979,0.7645365554254616
-2.0,2.0,-2.0,1.700450951486711,-0.06385189217224785,0.15144859054502674
-2.0,1.0,-2.2256121956989983,0.7743878043010017,0.6548967861688992,0.24186001626846343
-3.0,0.0,-3.245821422877108,0.245821422877108,-1.1758409920826416,-0.6789566724847427
-4.0,1.0,-4.186312767712637,1.0,0.8454812905009365,0.546585562875589
-5.0,1.0,-4.835246233609516,0.8352462336095164,-0.7587873342148748,-0.5354920773938974
-4.0,0.0,-3.819866839071516,-0.180133160928484,0.596539841078614,0.2507919548156479
-3.0,-1.0,-3.0,-1.0,-1.3228618086833308,-0.8784161526684948
-3.0,-1.0,-3.22191584555043,-1.2219158455504302,0.41711265591945235,0.4748831920298313
-4.0,-2.0,-4.0,-2.0,0.6774389790221922,0.4514884433450674
-4.0,-2.0,-3.721337589450973,-2.278662410549027,-0.47869671994061896,-0.3748219936286016
-3.0,-3.0,-2.8361922304627774,-2.8361922304627774,-0.10593483179301737,0.1344475271385574
-2.0,-2.0,-2.242515728071537,-1.757484271928463,1.3615313305916183,1.2458422285935138
-3.0,-1.0,-3.2524003264724772,-1.0,0.8844938084562345,1.1264874011345207
-4.0,-1.0,-3.790682396334306,-0.7906823963343059,1.843262745328725,2.014381639313757
-3.0,0.0,-3.0,0.0,2.6607711201060793,1.9743403845007532
-3.0,0.0,-3.2586924364748344,0.2586924364748345,-0.7986869728731948,-0.7477628712946265
-4.0,1.0,-3.8154282159628727,1.0,-0.6018350576316673,-0.36834200497986885
-3.0,1.0,-3.2756861890204556,1.0,0.6632177448315212,0.6795713120617257
-4.0,1.0,-3.728939210687736,0.7289392106877359,0.7225372460670042,0.11694079013450775
-3.0,0.0,-2.8420062821650225,-0.15799371783497765,-1.5116348651742304,-1.3940152566240576
-2.0,-1.0,-2.212760053013949,-1.0,-0.767177362927052,-0.5084499150209092
-3.0,-1.0,-2.7025490187312995,-1.0,0.44887538871039945,0.2356995382545735
-2.0,-1.0,-2.0,-0.8041876344292894,-0.2678001776184767,-0.19944224219262974
-2.0,0.0,-2.2824143967854917,0.0,0.08129899814916358,0.7240400191601162
-3.0,0.0,-3.0,0.20150646340358114,2.3571780904574355,1.6378431170065202
-3.0,1.0,-2.793670590477225,0.7936705904772249,-1.212608016156013,-0.8601303142348508
-2.0,0.0,-2.1885328605985874,-0.1885328605985876,0.49571704877979766,0.3205511763137051
-3.0,-1.0,-2.8137665141819976,-0.8137665141819979,-0.4333829071108882,-0.06818630747745574
-2.0,0.0,-2.1986326449186473,0.0,1.5275780770502692,1.1864053530585892
-3.0,0.0,-3.0,0.0,-0.19002843285353657,-0.11605848437022344
-3.0,0.0,-3.273821981909561,0.0,0.25807342898430224,0.18976705505808034
-4.0,0.0,-4.274933449723287,0.0,0.00861802204483154,0.08449850432217253
-5.0,0.0,-4.834481874330272,0.0,0.2846138397734952,0.08153144336706133
-4.0,0.0,-4.197715833739623,0.0,-0.9423357500959622,-0.8168334210945934
-5.0,0.0,-5.0,0.0,-0.3075746051355338,-0.4413752816600661
-5.0,0.0,-5.0,0.0,-0.8053947274558487,-1.1044987602441925
-5.0,0.0,-5.283019939826257,0.28301993982625717,-1.8426976761175013,-1.4142567205869074
-6.0,1.0,-5.848666012329666,0.8486660123296655,-0.3288786999930306,-0.37821207257036626
-5.0,0.0,-5.29593373733312,0.2959337373331198,-0.6548687392220462,-0.4823888250694518
-6.0,1.0,-6.271608936541405,1.2716089365414052,-0.07203585336408379,0.16474599537008983
-7.0,2.0,-7.263153459852613,1.736846540147387,0.7997390291169189,0.7059196306237767
-8.0,1.0,-7.775172437640961,0.7751724376409613,0.4432193065729385,0.563827222824141
-7.0,0.0,-7.0,0.0,0.979665616739294,0.7964942830298293
-7.0,0.0,-7.287477113412942,0.0,0.2790608389539928,0.3644560870898941
-8.0,0.0,-8.0,0.2108988351408253,0.5761114358592033,0.35390370400018145
-8.0,1.0,-7.801845209432123,0.8018452094321232,-0.4775109405310939,-0.5513557468846086
-7.0,0.0,-7.274113416791073,-0.27411341679107243,-0.8501731716176525,-1.1034820866741408
-8.0,-1.0,-7.8039423249421604,-1.0,-1.7742757493822379,-1.2893446812892997
-7.0,-1.0,-6.788926984050191,-1.0,0.6991345261903809,0.6325386336516575
-6.0,-1.0,-6.1775858359606675,-0.8224141640393327,0.38362336414511544,0.4243239363015217
-7.0,0.0,-7.0,0.0,0.6128115307364016,0.5118450368736133
-7.0,0.0,-6.781519650302913,0.2184803496970868,0.2755022465389914,-0.01873557311557672
-6.0,1.0,-5.820390998695025,1.0,-1.0712450470391985,-0.8684665688782414
-5.0,1.0,-4.703150512477942,0.7031505124779419,0.057754483539119245,0.24485509312678538
-4.0,0.0,-3.7560599104392405,0.24394008956075966,0.6880422807304929,0.5826384671595908
-3.0,1.0,-2.8448863660579247,0.8448863660579247,0.2559533454485021,-0.13445854707583887
-2.0,0.0,-1.7767249431219923,0.2232750568780078,-2.2609878324632597,-1.667683573767862
-1.0,1.0,-1.0,1.1795806440647651,0.396291789324341,0.44118979040626927
-1.0,2.0,-1.0,1.839914935694003,0.6463076043123749,0.40839586641768594
-1.0,1.0,-1.0,1.0,-0.8398506386573071,-0.6851085297723238
-1.0,1.0,-1.2576338877724824,0.7423661122275177,-0.10800035897567084,-0.29488967783451514
-2.0,0.0,-2.159961177197466,0.15996117719746616,-0.833406944556086,-0.7626927915195229
-3.0,1.0,-3.2125908130400678,0.7874091869599325,-0.391336222925492,-0.424232670770546
-4.0,0.0,-4.267717724957459,0.2677177249574588,-0.5460769070342353,-0.3637712787581211
-5.0,1.0,-5.0,0.7904040008478482,0.13488520821264685,-0.08857977337290623
-5.0,0.0,-5.283619701180061,0.28361970118006163,-0.9312848641623199,-1.0760125638727818
-6.0,1.0,-5.820986078123041,1.0,-1.4415727570988492,-1.1631820085253977
-5.0,1.0,-5.157626814486454,0.8423731855135461,0.11356186960798581,0.21673089053381103
-6.0,0.0,-5.78137726490671,0.0,0.7680762760682608,0.5970523011979627
-5.0,0.0,-4.844968328774689,0.0,-0.014202725231943067,0.280791806670924
-4.0,0.0,-4.203458632031614,0.20345863203161368,1.8885990027720403,1.7195315388317909
-5.0,1.0,-5.0,0.7674616209799614,1.057631733150472,0.5508736771371797
-5.0,0.0,-5.167487600429308,-0.1674876004293081,-1.1216130786043366,-1.0837758614275765
-6.0,-1.0,-5.711962968787414,-1.2880370312125864,-0.8957025211673987,-0.709436161381297
-5.0,-2.0,-5.0,-2.1939013070787983,-0.2490274773303186,-0.11284301964004609
-5.0,-3.0,-5.237995156634289,-3.237995156634289,0.4533115617506791,0.5213268852091798
-6.0,-4.0,-6.297930348498654,-4.297930348498654,0.7390960475375695,0.251341477003842
-7.0,-5.0,-6.800893115321157,-4.800893115321157,-0.8980469054769379,-0.4111087403388797
-6.0,-4.0,-6.283080109781308,-4.283080109781308,1.5475649874693287,1.1315025861222423
-7.0,-5.0,-6.769000765739045,-5.0,0.07779587628552419,0.07208126478599562
-6.0,-5.0,-6.180783258454613,-5.180783258454613,0.05305721635960909,-0.0967135489137354
-7.0,-6.0,-7.0,-5.847838734737477,-0.7753976226206583,-0.6657316470350694
-7.0,-5.0,-7.0,-5.0,-0.05467559526118029,0.01958282835651605
-7.0,-5.0,-6.7382170587136585,-5.2617829412863415,0.27384368487191835,0.4891589054540547
-6.0,-6.0,-6.235706092928683,-6.0,1.096338915172742,1.275834965587967
-7.0,-6.0,-7.235506564471802,-6.0,1.857863779400731,1.161563830018391
-8.0,-6.0,-8.0,-6.187346384001371,-1.0987414895182672,-0.8696790739932654
-8.0,-7.0,-8.165878310168598,-7.1658783101685986,0.12392644050874334,0.41392683899452787
-9.0,-8.0,-8.80166846123449,-7.80166846123449,1.872198400785096,1.5431413184244165
-8.0,-7.0,-7.779285291963208,-7.0,0.21307204897613027,0.06797646631947488
-7.0,-7.0,-7.155486107928677,-7.0,-0.4443176825340537,-0.4036842494287071
-8.0,-7.0,-8.184418721463564,-7.0,-0.18298608418968393,-0.17827076330418273
-9.0,-7.0,-8.769009835413376,-7.0,-0.15741752559606625,-0.06773517149759023
-8.0,-7.0,-8.244657770241227,-7.244657770241227,0.23083430434210506,0.5196196374686326
-9.0,-8.0,-8.735493936244747,-8.264506063755253,1.4111987491001499,0.7969495632295504
-8.0,-9.0,-8.295970695633732,-9.0,-0.9110511726973566,-0.8974452045733465
-9.0,-9.0,-8.763905597811966,-9.0,-0.8650805130181036,-0.7004164063638862
-8.0,-9.0,-8.0,-9.0,-0.1676302341119841,-0.07406157455863939
-8.0,-9.0,-8.285935291967412,-8.714064708032588,0.3348129968404877,0.7599853805257257
-9.0,-8.0,-9.0,-8.197937749389137,1.8217661489323096,1.190416265900771
-9.0,-9.0,-9.0,-8.767627310919238,-1.3678724368350326,-1.2927518102142608
-9.0,-8.0,-8.800217141027392,-8.199782858972608,-1.0445959497489654,-1.3866240410109416
-8.0,-9.0,-8.0,-9.262273653856315,-2.756595132365889,-1.8010556621232316
-8.0,-10.0,-7.8484711956526185,-9.848471195652618,0.8866967354712929,0.6490719150650899
-7.0,-9.0,-7.0,-9.0,-0.6814857723339247,-0.44283308243038566
-7.0,-9.0,-7.0,-9.211097795930552,0.5812119666730378,0.4039658587056896
-7.0,-10.0,-7.202947298095843,-9.797052701904157,-0.258427818223907,-0.13523817226786
-8.0,-9.0,-8.271506538566138,-9.271506538566138,0.3485753156530943,-0.1209824298374026
-9.0,-10.0,-9.0,-10.0,-1.3808774922619358,-0.2701152296179865
-9.0,-10.0,-9.0,-9.736336489600584,2.9320108353914205,2.0037177820910634
-9.0,-9.0,-8.748970088433797,-8.748970088433797,-0.5887382128713162,-0.6866568897724814
-8.0,-8.0,-8.232834876519242,-8.0,-0.9788059792591541,-0.9495417020041537
-9.0,-8.0,-9.244677255493249,-8.0,-0.8531191504967025,-1.1181784441211415
-10.0,-8.0,-9.836008757148266,-7.8360087571482655,-1.9364208782772472,-1.3758003422445784
-9.0,-7.0,-9.0,-7.0,1.4821795682083505,1.1692538382667643
-9.0,-7.0,-9.0,-6.813267394868838,-0.2269514674058147,-0.0790290603358412
-9.0,-6.0,-9.17575716127069,-5.82424283872931,0.5652101744567388,0.3967034785435922
-10.0,-5.0,-10.0,-4.809685270494915,-0.393537080533474,-0.2435320687471613
-10.0,-4.0,-9.774958907715394,-3.7749589077153938,0.39465736020373177,0.44939725275635406
-9.0,-3.0,-8.768428193497611,-3.231571806502389,0.6379013473213979,0.5799180705517073
-8.0,-4.0,-8.0,-4.216326396338174,0.38751129489896524,0.00244034187457165
-8.0,-5.0,-8.151213571125144,-5.151213571125145,-1.392534781505078,-0.8793732869754282
-9.0,-6.0,-8.766445213058342,-6.233554786941658,2.001085848649582,1.6832635069771014
-8.0,-7.0,-8.289089260981365,-7.289089260981364,0.6402816200816935,0.4092031682875117
-9.0,-8.0,-8.816724033824707,-7.816724033824707,-0.15905091482377195,-0.09275389596107414
-8.0,-7.0,-8.0,-7.0,0.20268237866921385,-0.1866504132188958
-8.0,-7.0,-8.181050788793609,-6.818949211206391,-1.4112265057921898,-1.309838399673073
-9.0,-6.0,-9.285310465729541,-5.714689534270459,-0.8512283594450043,-0.8225814031592242
-10.0,-5.0,-9.775881007021255,-4.775881007021254,-0.750822101257,-0.5444309598970362
-9.0,-4.0,-8.794133315812093,-3.794133315812093,0.17007772350500347,-0.11403896415451828
-8.0,-3.0,-7.8077679428932205,-3.1922320571067795,-1.210022649609235,-1.2052475455568215
-7.0,-4.0,-7.249100310131262,-4.249100310131262,-1.1851823387667981,-0.9545965541774166
-8.0,-5.0,-8.289852780978835,-4.710147219021164,-0.25950792082699026,-0.369918420881781
-9.0,-4.0,-8.752883968549577,-4.247116031450423,-0.6404271574199026,-0.7288102548182428
-8.0,-5.0,-8.0,-5.0,-0.9980854480600702,-0.8792610977502805
-8.0,-5.0,-7.8297376468104565,-4.8297376468104565,-0.5557100510142966,-0.47629034475028736
-7.0,-4.0,-6.761457891938839,-4.238542108061161,-0.08925516667709042,-0.006961681217058827
-6.0,-5.0,-5.828101174073993,-4.828101174073993,0.25572998554153564,0.5603763562702195
-5.0,-4.0,-5.167533429267793,-4.167533429267793,2.027972286136522,1.6939341705188582
-6.0,-5.0,-6.0,-5.232751886859354,0.034112809388609076,0.10709588650466831
-6.0,-6.0,-6.2480882571624035,-5.7519117428375965,0.347678804925139,0.20784055836256637
-7.0,-5.0,-6.79091130012777,-5.0,-0.21598449845738116,0.1402522742728291
-6.0,-5.0,-6.296258577762992,-5.296258577762992,1.487774590139466,1.098092511061017
-7.0,-6.0,-6.719121347920488,-5.719121347920488,0.17243012983426703,0.5634101415796308
-6.0,-5.0,-6.203160850167133,-5.0,1.5644191929072582,1.2593001833817903
-7.0,-5.0,-6.72969991907152,-5.27030008092848,0.0625599061674272,0.40542962043120784
-6.0,-6.0,-5.757185516322082,-5.757185516322082,1.331037936532881,1.1420055635899553
-5.0,-5.0,-5.0,-4.747765398624967,0.5525325933604033,0.8788762249430211
-5.0,-4.0,-4.72517427393609,-3.7251742739360902,1.8463425219094083,1.459898520700261
-4.0,-3.0,-3.836691202353675,-2.836691202353675,0.4402005033151194,0.4871707285990814
-3.0,-2.0,-3.0,-1.7768053934805041,0.7278165164198419,0.5892778615234089
-3.0,-1.0,-3.0,-0.7504198346190166,0.1071086191421729,-0.09280816534102196
-3.0,0.0,-2.7402744552410296,0.2597255447589703,-0.6939036895804473,-0.27352058611335855
-2.0,1.0,-1.8332539365365221,1.1667460634634779,0.9246629549027181,0.7628536728467088
-1.0,2.0,-1.1645027548220483,2.164502754822048,-0.04573046066028362,-0.3792340739635711
-2.0,3.0,-2.212775632185054,2.787224367814946,-2.0730740979389224,-1.838185363726596
-3.0,2.0,-3.0,2.0,-0.969147244096747,-1.03073569018477
-3.0,2.0,-3.250251960883828,2.0,-1.2720168966570415,-0.971127558363096
-4.0,2.0,-4.194060727160942,1.8059392728390586,-0.06967131969820757,-0.38040265645712956
-5.0,1.0,-4.727213175352623,0.727213175352623,-1.670878020841925,-1.4401350545782745
-4.0,0.0,-4.0,0.2604947782259488,-0.8250051801652368,-0.8698650705388924
-4.0,1.0,-4.247589675575544,0.7524103244244567,-0.9972155049908071,-0.9549589227701855
-5.0,0.0,-5.242670347111159,-0.2426703471111585,-0.8265436782177696,-0.4592868251299776
-6.0,-1.0,-6.0,-0.7871368694632568,0.6868544664659934,0.6170513158550797
-6.0,0.0,-6.0,-0.15030402112846702,0.35892942639492914,0.23546910069868843
-6.0,-1.0,-5.847675963046355,-1.0,-0.462474583752726,-0.305446173100221
-5.0,-1.0,-5.276784695203018,-1.0,0.568409404046862,-0.1047843416544707
-6.0,-1.0,-6.278437336923449,-1.0,-1.863783406352402,-1.0969975350187413
-7.0,-1.0,-7.0,-0.7761512864017798,0.8901068578131165,0.8232053904873597
-7.0,0.0,-6.849747241882042,-0.15025275811795746,0.5912377410316982,0.4246465611064322
-6.0,-1.0,-6.0,-1.1734219949289846,-0.5175018389398184,-0.4757723800173549
-6.0,-2.0,-5.7839707661458,-2.2160292338542003,-0.27687804182831893,-0.16643876402031782
-5.0,-3.0,-5.0,-3.258571554338082,0.23434572098212292,0.6563142190842008
-5.0,-4.0,-5.225569312654725,-3.774430687345275,1.8662672955817585,1.2376267137118362
-6.0,-3.0,-5.759585474742974,-2.759585474742974,-0.9206391965800165,-0.218801257252229
-5.0,-2.0,-5.0,-2.0,1.998643399084522,1.7317986094079103
-5.0,-2.0,-5.0,-2.1518158983452613,0.6624295575117738,0.7092337129357326
-5.0,-3.0,-5.180154827102185,-3.0,0.9707250386445622,0.9115857903471862
-6.0,-3.0,-6.0,-3.298492078970403,0.642456019997441,0.23610683290386386
-6.0,-4.0,-6.0,-3.707795814660959,-0.7188839140309885,-0.2458970095199678
-6.0,-3.0,-6.169114007547382,-2.830885992452618,0.8998023616711208,0.7252255278430955
-7.0,-2.0,-6.728487369965031,-1.7284873699650312,-0.13250026281202879,0.11625479043750642
-6.0,-1.0,-6.158819584252488,-1.1588195842524887,0.7836819907262224,0.540621620843024
-7.0,-2.0,-6.834957996632175,-1.8349579966321752,-0.7467361313662347,-0.7642186512941063
-6.0,-1.0,-6.0,-1.2907974195167082,-0.852663832018951,-0.6513643850988343
-6.0,-2.0,-6.0,-1.8269488412524226,-0.1604312556272244,-0.48205992055366165
-6.0,-1.0,-5.736793800595183,-0.7367938005951826,-2.0190068771611074,-1.291660860018656
-5.0,0.0,-4.768411826456506,0.0,0.7444007431274094,0.5284662364754693
-4.0,0.0,-3.7047702645114313,0.2952297354885687,-0.18800657002662752,-0.2948750379217173
-3.0,1.0,-3.0,1.1896793468611175,-0.549990662578266,-0.3791629615372316
-3.0,2.0,-3.0,2.0,0.3506224187505819,0.33221561444144343
-3.0,2.0,-3.236423958798074,1.7635760412019257,0.2335324644180959,-0.0560802022519018
-4.0,1.0,-4.182466010968669,1.182466010968669,-0.9914392691672932,-0.5006748978340507
-5.0,2.0,-5.0,2.191675557431238,1.6981814921344416,1.0733877360267443
-5.0,3.0,-5.256585947205782,2.743414052794219,-1.5614608142761548,-1.404023543177113
-6.0,2.0,-6.285713551963554,2.0,-0.9478758817670593,-0.8706956424438552
-7.0,2.0,-7.0,2.0,-0.6777443504036146,-0.4942597399979237
-7.0,2.0,-6.782112189595601,2.217887810404399,0.2456509389554637,0.19630866498753813
-6.0,3.0,-5.761122162125221,3.0,0.019193690721399967,-0.2719512414152083
-5.0,3.0,-5.0,2.8411882062452554,-1.199608918707894,-0.9547753824867142
-5.0,2.0,-5.0,2.1795957499228624,0.3420494835596351,0.244078465174707
-5.0,3.0,-5.155240271264523,2.844759728735477,-0.20345907344690453,-0.286747021495468
-6.0,2.0,-6.0,1.8233101737572381,-0.7399690097548894,-0.7207371434988618
-6.0,1.0,-6.0,1.0,-0.6311236581860664,-0.6794742140027098
-6.0,1.0,-5.7631970048531675,0.7631970048531673,-0.8154625574786858,-0.7329815483545586
-5.0,0.0,-5.0,0.0,-0.46715189074499935,-0.05235928317517741
-5.0,0.0,-5.21880303021142,0.0,1.067000350997653,0.9175932646621522
-6.0,0.0,-6.276695112123175,-0.2766951121231749,0.3841620640181036,0.25729732948277784
-7.0,-1.0,-7.153780995566848,-0.8462190044331517,-0.07433802859954294,-0.06877488384277695
-8.0,0.0,-8.19058217115898,-0.19058217115897863,-0.038162266202766755,0.018529731352206896
-9.0,-1.0,-8.758406747683518,-1.0,0.25930521047784405,0.39184069451499015
-8.0,-1.0,-7.715459610417073,-1.0,0.8078945554465004,0.8108864416582224
-7.0,-1.0,-7.1881375527583184,-1.188137552758318,0.8184093586915074,0.2758538537487685
-8.0,-2.0,-7.844080161188282,-1.8440801611882822,-2.065414189495638,-1.4629292154711662
-7.0,-1.0,-6.827810723338082,-1.0,1.798654543617966,1.7053846809738027
-6.0,-1.0,-6.0,-0.7356305295228767,1.256983979385954,0.8047226864058041
-6.0,0.0,-6.278430905817323,-0.2784309058173228,-0.45373281466718296,-0.26035249169791197
-7.0,-1.0,-7.0,-1.0,0.24080331235366886,0.6088192264503969
-7.0,-1.0,-7.253438683345005,-1.0,1.7935165442637964,1.557019021264293
-8.0,-1.0,-7.726083271390957,-1.2739167286090436,0.8603617476948746,0.6990574969965146
-7.0,-2.0,-7.177979515383581,-2.0,0.2714811359941315,0.0507131261206446
-8.0,-2.0,-8.190524467232153,-2.1905244672321538,-0.9689313316861434,-1.036695020282407
-9.0,-3.0,-9.267641364238932,-3.267641364238932,-1.3246005513968775,-0.7695265264314185
-10.0,-4.0,-9.744024547471163,-3.744024547471164,0.74934652529612,0.5238317684356865
-9.0,-3.0,-9.177025241869034,-2.822974758130967,-0.13165497165417445,-0.29458695957577796
-10.0,-2.0,-10.193084721781545,-2.193084721781545,-1.052043421354156,-0.6660358630275863
-11.0,-3.0,-10.826370564077884,-3.1736294359221158,0.9471181630786946,1.0059366143460242
-10.0,-4.0,-10.0,-4.0,1.2858766861076683,0.7705631181206981
-10.0,-4.0,-9.806664084040973,-3.8066640840409725,-0.6788323254376594,-0.49769871555364886
-9.0,-3.0,-8.752210482743369,-3.0,0.2580531414219841,-0.10928963913702411
-8.0,-3.0,-8.0,-2.746574801929272,-1.2244259586868271,-0.8018294807891432
-8.0,-2.0,-8.153774134849357,-2.1537741348493564,0.4431133433037436,0.1732727061653786
-9.0,-3.0,-9.0,-3.0,-1.311672254434861,-1.4466949893989607
-9.0,-3.0,-9.209433214552876,-2.790566785447124,-1.7923623339801038,-1.4654472090648085
-10.0,-2.0,-9.777544599790012,-1.777544599790012,-0.23141066920604197,-0.3213185961965762
-9.0,-1.0,-9.235059979914716,-1.2350599799147166,-0.6355722535311027,-0.6992797906428799
-10.0,-2.0,-10.0,-2.23930924097326,-0.9065989809854799,-0.6565774579594725
-10.0,-3.0,-10.255748719282515,-3.0,0.13816436375282098,0.212501712499207
-11.0,-3.0,-10.794929561508065,-2.794929561508065,0.42882993953726306,0.3466517816301634
-10.0,-2.0,-9.80335913706777,-2.0,0.028098568836401792,0.008724934920613808
-9.0,-2.0,-8.835050267046975,-2.1649497329530254,-0.0704243608685245,0.11023455422776818
-8.0,-3.0,-7.767363162912226,-3.0,1.0248118172205973,0.8140342637565396
-7.0,-3.0,-6.72181470528345,-2.721814705283449,0.11877493973102204,-0.17459212320606365
-6.0,-2.0,-5.7824527740083935,-1.7824527740083937,-0.935799362034296,-0.9996318970050792
-5.0,-1.0,-4.772184142302148,-0.7721841423021483,-1.2292185710351315,-1.0174392334315445
-4.0,0.0,-4.16576900645611,0.0,-0.29961103737315886,-0.12423735011390494
-5.0,0.0,-5.0,-0.24287243032809724,0.7583291108395694,0.6995004273786773
-5.0,-1.0,-5.0,-1.0,0.5161086028081714,0.5511948011210174
-5.0,-1.0,-4.775126736084944,-0.7751267360849439,0.6470444245933451,0.5347342369354217
-4.0,0.0,-4.189194832056896,0.0,0.14760671598096164,-0.19497866497633537
-5.0,0.0,-4.798132797830304,-0.20186720216969573,-1.663147717598245,-1.3762950802590233
-4.0,-1.0,-4.0,-1.0,-0.2421509719352989,0.13559766403400025
-4.0,-1.0,-3.709374571621122,-1.0,1.0406817963173227,1.1034318983367735
-3.0,-1.0,-3.1994131026595323,-1.1994131026595323,1.2565958075911254,0.8493483816700047
-4.0,-2.0,-4.0,-1.7019318786626743,-0.7856342188702445,-0.8255338092657719
-4.0,-1.0,-4.223347001621341,-0.7766529983786593,-0.9194948619222829,-0.6437836392669865
-5.0,0.0,-5.267886475419144,-0.26788647541914395,0.3149574506399127,0.2573978990511646
-6.0,-1.0,-6.283843492253623,-1.2838434922536226,0.10009198757878375,0.36107890366057416
-7.0,-2.0,-7.289583131956331,-1.7104168680436689,1.0195667094039749,0.7398060839013133
-8.0,-1.0,-7.741895852699851,-1.2581041473001493,0.05348617973814706,-0.4195312794525958
-7.0,-2.0,-7.277706922336967,-2.0,-1.779175031399507,-1.0938474948967336
-8.0,-2.0,-8.0,-1.712598388615179,0.6886335876136087,0.6003864764754206
-8.0,-1.0,-8.248129430180338,-1.2481294301803376,0.3815820345169624,0.3650416066933925
-9.0,-2.0,-8.725746467358546,-1.7257464673585448,0.314921550867165,0.21314515267047723
-8.0,-1.0,-8.234385571827303,-0.7656144281726971,-0.0561817753741962,0.07396748024637043
-9.0,0.0,-9.0,0.24290257550604033,0.49909666862687735,0.36643512047713556
-9.0,1.0,-8.781130529945527,1.2188694700544735,-0.047054593348699464,0.06281590340084547
-8.0,2.0,-8.286486566548385,1.7135134334516149,0.4549363728751404,0.23541396652057134
-9.0,1.0,-9.0,1.1705804430231335,-0.31132086912888773,-0.13213584434227788
-9.0,2.0,-9.275322347873013,2.0,0.7391220867632454,0.482600033014846
-10.0,2.0,-10.0,1.742296255705673,-0.19259324884298454,-0.0519509819975795
-10.0,1.0,-10.0,1.0,0.35315849112698483,0.28837256179170523
-10.0,1.0,-10.0,1.1501531439450874,0.11125819323768851,0.0029778622076545164
-10.0,2.0,-9.806744266018582,1.8067442660185822,-0.6098744329937895,-0.25227488000251763
-9.0,1.0,-9.0,1.1934693168404031,1.2405211315986502,1.0195418895249626
-9.0,2.0,-9.25229456286125,2.252294562861249,0.09832842795677003,0.22087333554037697
-10.0,3.0,-9.754623436714235,3.2453765632857645,0.584049983720146,0.48936054513829685
-9.0,4.0,-9.0,3.718462758038525,0.19815559627787754,0.24747846872228438
-9.0,3.0,-9.0,3.2659735555060143,0.37334688571714836,0.2291245698005573
-9.0,4.0,-8.803915831213338,4.196084168786662,-0.16889617917029232,0.03354296240265206
-8.0,5.0,-8.0,5.184542041038671,0.8635132337140123,0.9338210810965164
-8.0,6.0,-8.0,5.731853714817194,1.244498764093896,0.6525567639312717
-8.0,5.0,-8.0,5.0,-0.9630350816913394,-0.960083191077596
-8.0,5.0,-8.0,5.0,-0.9471549590292742,-0.2271969166966209
-8.0,5.0,-8.0,5.0,1.5496125241919183,1.799093897704646
-8.0,5.0,-7.839796607234687,4.839796607234687,2.7557363866001987,2.3506086504265746
-7.0,4.0,-7.234858262616796,4.234858262616796,0.2269027009921287,0.6826879226505995
-8.0,5.0,-8.0,5.218776440984763,2.167584781239602,1.6929255060747157
-8.0,6.0,-8.294184044069453,6.2941840440694525,-0.002023943668515853,-0.10623395796242921
-9.0,7.0,-9.0,7.248455343010963,-0.35625802398223555,-0.5552946976597484
-9.0,8.0,-8.833046674639105,7.833046674639106,-1.1573543951266105,-0.8057695439226864
-8.0,7.0,-7.756989736225646,6.756989736225646,0.94853268704993,0.5393081346161142
-7.0,6.0,-6.770046535746394,6.0,-0.735447841500085,-0.5997951836086443
-6.0,6.0,-6.0,6.267656298041204,-0.14553431994585092,-0.3762410745763612
-6.0,7.0,-5.804008901380307,7.0,-1.0074858462835368,-0.7383586286320927
-5.0,7.0,-5.0,7.0,0.36567456532100606,0.38002319567133286
-5.0,7.0,-4.841314893207357,7.0,0.43293978370086494,0.3839235839586775
-4.0,7.0,-3.764723071408868,7.235276928591132,0.12405005401603796,0.2853920245961162
-3.0,8.0,-3.294529585822621,8.0,0.8098035256641698,0.5739319259994766
-4.0,8.0,-4.290603604027408,7.709396395972592,0.008961739240901214,0.24971891526645557
-5.0,7.0,-5.0,6.702261093499983,0.8374345203384393,0.945806713848659
-5.0,6.0,-4.729016957444964,5.729016957444964,1.2014185047768768,1.197541189823753
-4.0,5.0,-4.261108114980751,4.738891885019249,1.187110174201777,0.9965575907294664
-5.0,4.0,-4.778700945622985,4.0,0.45732594866609033,0.4418478942768085
-4.0,4.0,-3.7229256626638088,4.0,0.3873841478172138,0.12983357383212896
-3.0,4.0,-3.0,3.7124183388822916,-0.5421518621257889,-0.1034438066660816
-3.0,3.0,-3.2447873375466783,3.0,0.9833558971472975,0.5884730756413027
-4.0,3.0,-4.244259194694512,2.7557408053054884,-0.6298109662354745,-0.6838275602077891
-5.0,2.0,-4.774093807908435,2.225906192091565,-0.8509555337506163,-0.47171442265921104
-4.0,3.0,-3.7953543771792284,3.2046456228207716,0.8277992962085811,0.4729815962475595
-3.0,4.0,-3.0,4.186938145980971,-0.906015945331036,-1.254089655180422
-3.0,5.0,-3.229453781350684,4.770546218649316,-2.767988567466795,-2.058595427612757
-4.0,4.0,-3.763640483353446,4.0,0.32367170362649994,0.454993329892775
-3.0,4.0,-3.2887171887286932,3.7112828112713068,0.8792728832593476,0.7558162570316687
-4.0,3.0,-4.282629480624736,3.2826294806247356,0.4516688782075706,0.524111487924834
-5.0,4.0,-5.208736506389024,3.791263493610976,0.7079854151701453,0.6377882841587846
-6.0,3.0,-6.0,3.2088636531178074,0.3716899955249895,0.008583370226909637
-6.0,4.0,-5.812708909468687,4.0,-1.3667964279278908,-1.201894623826756
-5.0,4.0,-5.0,3.7625917489628313,-0.4863391481217008,-0.7680288346702144
-5.0,3.0,-5.188193679945436,3.0,-1.6728593525286337,-1.4489405360253154
-6.0,3.0,-6.223066946054124,3.0,-0.4830275974546034,-0.5631993213705239
-7.0,3.0,-6.787528632046591,3.0,-0.8424341582835115,-0.34613151689822336
-6.0,3.0,-6.0,3.1914467514002114,1.4934224146083115,1.0444477762504727
-6.0,4.0,-6.0,4.239617129455576,-0.8517447667311941,-0.6337145187679998
-6.0,5.0,-6.22234207933556,4.77765792066444,0.05816617518924307,-0.09095961571253347
-7.0,4.0,-7.0,3.8439451130676265,-0.6125381347975102,-0.7811607193249341
-7.0,3.0,-7.0,3.221659358782114,-1.6930719639014764,-1.9295204577163854
-7.0,4.0,-6.744748319627376,4.0,-2.7597920659267294,-2.14299132116803
-6.0,4.0,-6.0,4.0,-0.3433505997695797,-0.3843271927036562
-6.0,4.0,-5.745262153311681,4.254737846688319,-0.584377555250902,-0.13855001190797595
-5.0,5.0,-5.0,5.181676274223666,1.1657649898747613,1.1784076769835874
-5.0,6.0,-4.755576707501502,5.755576707501502,1.2353540826875156,0.7518125640925624
-4.0,5.0,-4.27341219929499,5.0,-0.742941494841887,-0.7208085722871322
-5.0,5.0,-5.0,5.0,-0.6619907449783996,-0.7637991607824437
-5.0,5.0,-5.0,5.156959693103925,-1.0643810597461294,-0.5925114553833796
-5.0,6.0,-5.173594812042908,5.826405187957092,1.941929637168388,1.4139360067089615
-6.0,5.0,-5.760127924267112,5.0,-1.0995992210150078,-1.1495195121402018
-5.0,5.0,-5.2529010525674975,5.0,-1.3077113615076896,-1.051426032790925
-6.0,5.0,-6.0,4.768983154580962,-0.2943295423538761,-0.190978980684486
-6.0,4.0,-6.152708278064385,4.152708278064385,0.15304286238104287,0.11443079051385481
-7.0,5.0,-6.740569680733571,5.0,-0.09980572157658822,-0.5451402284401043
-6.0,5.0,-6.0,5.19413038067378,-1.8163919252352554,-1.5987836456605953
-6.0,6.0,-6.155698942450045,6.155698942450045,-0.6954531065949493,-0.5667460207083982
-7.0,7.0,-6.805245119665865,7.194754880334135,0.1311876133819746,0.07398438832099122
-6.0,8.0,-6.226657114885993,8.0,-0.16253147064221826,0.38507075143198743
-7.0,8.0,-7.0,8.267008206850342,2.2534624960578693,1.509256132910518
-7.0,9.0,-7.0,9.0,-0.5337415825211705,-0.38108702767251784
-7.0,9.0,-6.754614179574268,8.754614179574267,-0.013401183702086006,0.16597411601014542
-6.0,8.0,-6.254305540634604,8.0,0.7175917457223767,0.5669929398794604
-7.0,8.0,-7.1836384992568805,8.0,0.12539542366385567,-0.19018961974106288
-8.0,8.0,-7.705083796003372,8.0,-1.5931170052765813,-1.011542201907021
-7.0,8.0,-7.227250174572516,8.227250174572516,0.37888316117140747,0.2512358929870051
-8.0,9.0,-8.24803812025159,8.75196187974841,-0.1828205577565179,0.10713109518138414
-9.0,8.0,-9.239538320778852,8.0,0.9861596483658299,0.851983272107218
-10.0,8.0,-9.72738587274816,7.72738587274816,0.4260138820335716,-0.6313220870256836
-9.0,7.0,-8.803529065467922,6.803529065467922,-3.4524937350074567,-2.9651051844747705
-8.0,6.0,-8.23651327354779,6.0,-0.9717779401064587,-1.227035201855835
-9.0,6.0,-8.847047646380112,6.152952353619888,-2.051029256197183,-1.715608349005163
-8.0,7.0,-7.770986469325042,7.229013530674958,0.14194717897161638,0.2725876895094329
-7.0,8.0,-7.2093352929023835,8.0,0.712396052244681,0.44758339517594903
-8.0,8.0,-8.0,8.210314950275324,-0.5526207225053772,-0.15643473598450264
-8.0,9.0,-7.747933560994899,9.0,1.3311539972766788,0.8294808108449818
-7.0,9.0,-6.708119081539673,8.708119081539673,-0.6590878945506796,-0.5369873336800588
-6.0,8.0,-6.0,7.7321472420208535,-0.24076469098293096,-0.10691299797692105
-6.0,7.0,-6.0,6.715619719655372,0.25895647678055594,0.08238740762312527
-6.0,6.0,-6.28028653284337,5.71971346715663,-0.3619342155819898,-0.018248028893245227
-7.0,5.0,-7.0,5.248924781671282,0.8642616462106443,0.8283336118524931
-7.0,6.0,-7.0,6.260560553331183,0.7199287512817817,0.8744135771489535
-7.0,7.0,-6.729519813453195,7.0,1.3128228938990447,1.4677200968126456
-6.0,7.0,-6.0,7.2973713800469975,1.8854977537146895,1.285026207287928
-6.0,8.0,-5.828779188707529,7.828779188707529,-0.13376699977928047,0.13805433824624946
-5.0,7.0,-4.819868888784424,6.819868888784424,1.4537814762130263,0.8295750358748889
-4.0,6.0,-3.783717524825429,6.0,-2.011507979482973,-1.4541147054869734
-3.0,6.0,-3.1786629631674446,5.821337036832555,0.5656461498384335,0.6357433950731658
-4.0,5.0,-3.7525945216339194,5.247405478366081,0.9579896103520518,0.723500095941739
-3.0,6.0,-2.7683775025283777,6.231622497471623,0.010195260934520204,-0.23757843547812824
-2.0,7.0,-1.7614300210534921,7.0,-1.059535439309763,-0.7635635130539787
-1.0,7.0,-1.0,7.228058096634878,0.18107298746193434,0.2308254120982476
-1.0,8.0,-1.0,8.164538900565953,0.3992297877265928,0.11040362923555452
-1.0,9.0,-1.266640037811951,9.266640037811952,-1.356137225773463,-1.1615256344674982
-2.0,10.0,-1.7992513419191916,9.799251341919192,-0.6262708752323061,-0.23706792162324153
-1.0,9.0,-1.2171877304583179,9.217187730458317,1.3124865607072986,0.5732907321418033
-2.0,10.0,-1.8493004957271593,9.84930049572716,-2.091001412603239,-2.0086779737857103
-1.0,9.0,-1.0,8.739050888673328,-1.5447259672077278,-0.8465388755177142
-1.0,8.0,-1.1984461460085762,8.0,1.1308420320102466,0.9547529745001353
-2.0,8.0,-2.154560462176395,8.0,0.24350276615974598,0.18632834492497863
-3.0,8.0,-3.0,8.0,-0.12641344934377663,-0.03625846775167926
-3.0,8.0,-3.1723435166939558,8.172343516693957,0.3692509989326121,0.5033012153722976
-4.0,9.0,-4.277479806630896,8.722520193369103,1.1470592914123872,0.996378787641543
-5.0,8.0,-5.288377693305214,8.288377693305215,0.6040269691674771,0.47263609908667115
-6.0,9.0,-6.262615597927792,9.0,0.14840618735567387,0.2012881306842892
-7.0,9.0,-7.0,9.0,0.34977253324635343,0.13127996184768914
-7.0,9.0,-7.253149426190176,9.253149426190175,-0.6522964961434811,-0.28707077039406637
-8.0,10.0,-8.252976433744237,10.252976433744237,0.7904313474307821,0.5757592241367103
-9.0,11.0,-9.291454625294794,11.0,-0.05815411215834495,-0.1453736665752833
-10.0,11.0,-10.238305243147025,11.238305243147025,-0.3574101432771493,-0.49216217796111394
-11.0,12.0,-11.216354135860602,11.783645864139398,-0.9228699414102032,-0.8125876731615025
-12.0,11.0,-11.787316620295535,10.787316620295535,-0.41313959671387473,-0.17303149198435347
-11.0,10.0,-11.23991572335563,9.76008427664437,0.7158066569292796,0.9332640115888206
-12.0,9.0,-11.819960372464537,8.819960372464537,1.6221972495008306,1.3428155216809368
-11.0,8.0,-11.264072486693587,7.735927513306412,0.07041816817128412,0.18755812502728952
-12.0,7.0,-12.17814374783598,7.17814374783598,0.5140083290498264,0.30996272306545536
-13.0,8.0,-13.25786068879389,8.0,-0.6313903080791021,-0.680113644104448
-14.0,8.0,-13.781061189548883,7.781061189548883,-0.8203424754421962,-0.5538407027137011
-13.0,7.0,-12.826050744641538,7.0,0.3969006993945326,0.2600900693254009
-12.0,7.0,-12.0,7.254491805200526,-0.38959666035100043,-0.33138378303855975
-12.0,8.0,-12.0,7.709433644501324,-0.160855002966111,-0.0316828271195885
-12.0,7.0,-11.83940119601657,6.839401196016571,0.28369810306997634,0.20476016526588853
-11.0,6.0,-10.759913766523805,6.0,-0.20782447272848734,-0.4007305213516844
-10.0,6.0,-10.180429939033802,6.180429939033802,-1.0113109776818188,-0.7300512590135141
-11.0,7.0,-11.0,6.734362748804812,0.547519669684373,0.11035510253607067
-11.0,6.0,-11.0,6.208059664232999,-1.098200443670804,-1.0153781081391882
-11.0,7.0,-11.178539210002294,6.821460789997706,-0.7001303235591724,-0.5048278671997808
-12.0,6.0,-11.782059630399159,6.0,0.3937607962507711,0.4603310270375063
-11.0,6.0,-10.772324024889022,6.227675975110978,0.6992123787577613,0.49999515495459956
-10.0,7.0,-9.788912389728615,7.0,-0.17579089598853415,-0.007256596956392358
-9.0,7.0,-9.260025378106615,7.0,0.6226183465788828,0.6193793628356061
-10.0,7.0,-10.0,7.207445376006174,0.6101619326439758,0.525402152000867
-10.0,8.0,-10.0,8.294252954492068,0.20157350192095938,0.4828401536372654
-10.0,9.0,-10.1560691828639,9.1560691828639,1.157440375719462,0.5823058349145108
-11.0,10.0,-11.0,10.161564594372726,-2.527685222115532,-1.933856698330482
-11.0,11.0,-11.270587702931559,11.270587702931559,1.1478015148802012,0.4776606517018459
-12.0,12.0,-12.215180211927017,12.0,-1.3288108955065905,-1.0326196924966164
-13.0,12.0,-13.0,11.793043495282593,0.047668848413514237,-0.1162717609284312
-13.0,11.0,-12.844930531179873,10.844930531179873,-0.7444812198619484,-0.6802266470348735
-12.0,10.0,-12.230585164457336,9.769414835542664,-0.3301212990086254,-0.3676583241989768
-13.0,9.0,-13.0,8.776758455153189,-0.492911586400669,-0.8655275298854685
-13.0,8.0,-13.155130591435244,8.155130591435244,-2.1620271792912744,-1.7029806011685455
-14.0,9.0,-14.196719132648495,9.0,0.7970705323573719,0.5587022227873804
-15.0,9.0,-14.780855099304825,9.219144900695175,-0.4146484619303752,-0.3359925738580089
-14.0,10.0,-14.0,10.240710737243301,-0.0557266352173069,-0.004632459930175727
-14.0,11.0,-14.0,11.0,0.1565371627016326,-0.4821026996956474
-14.0,11.0,-13.742907031654743,10.742907031654743,-2.3451930317673946,-2.3540027194265187
-13.0,10.0,-13.260411234908082,10.260411234908082,-2.3794595763400705,-1.6133395747719206
-14.0,11.0,-14.0,11.291405197545899,0.5625025929901842,0.4635717331798989
-14.0,12.0,-14.0,12.15043014350369,0.22300672729031903,0.04947356108957848
-14.0,13.0,-14.19364178419068,12.80635821580932,-0.9305730151665719,-0.5274587211030712
-15.0,12.0,-14.725198295810245,12.274801704189755,1.151179617656478,0.5622190174286905
-14.0,13.0,-13.849984202780592,13.0,-0.9920407163087706,-0.6067371658429879
-13.0,13.0,-13.19184826823272,12.80815173176728,1.576379127517755,1.1937384846880412
-14.0,12.0,-14.224600014015587,11.775399985984413,-0.4181170769804569,-0.31407481100702483
-15.0,11.0,-15.0,11.22798109498267,0.045116491501029594,0.1291881298197282
-15.0,12.0,-14.840888686801073,12.0,0.4138823241464485,0.21621331609862507
-14.0,12.0,-14.152468708896247,12.0,-0.8284492491005753,-0.8309391884053385
-15.0,12.0,-15.287815853694312,12.0,-0.8447800708330374,-0.4822582187816815
-16.0,12.0,-15.827536803233517,12.0,0.4147817197985117,0.39917639050939635
-15.0,12.0,-14.719702183270737,11.719702183270737,0.3242967376011494,0.5920448946350347
-14.0,11.0,-14.236087127375832,11.236087127375832,1.2795241459277056,1.2141253025264278
-15.0,12.0,-15.208051176140025,11.791948823859975,1.0025126708498293,0.9492055274022558
-16.0,11.0,-16.0,10.760674895546286,0.7462913678195772,0.6821567430014746
-16.0,10.0,-16.223985204409782,10.223985204409784,0.47831018396301034,0.4020480850982769
-17.0,11.0,-17.0,11.0,0.1378318962757086,0.33848513665698804
-17.0,11.0,-17.21858649765742,10.781413502342582,0.9285153256081246,0.9023818398022587
-18.0,10.0,-17.723589989825346,10.0,0.8089586005316115,0.7577416257875748
-17.0,10.0,-17.0,10.0,0.6236651131080749,0.5023747976960269
-17.0,10.0,-16.74811178632665,10.0,0.018163312046055553,-0.3456527886370641
-16.0,10.0,-15.837559962496238,10.162440037503762,-1.426192084252545,-1.2055066783454902
-15.0,11.0,-14.713880228868335,10.713880228868335,-0.06762673731987236,-0.6287469172667792
-14.0,10.0,-13.81360003465302,10.18639996534698,-2.0287641229942652,-1.9113114918966723
-13.0,11.0,-13.0,11.258288451352337,-1.398653323998371,-0.9688837997972048
-13.0,12.0,-12.762183800037533,12.237816199962467,0.2652597234143029,0.7583293174068169
-12.0,13.0,-11.764729611154232,13.235270388845768,2.3385818691315996,1.6646482643179583
-11.0,14.0,-11.0,14.245490567195686,-0.5259248293949293,-0.7886308253716111
-11.0,15.0,-11.0,15.270604469715263,-1.5960514700135584,-1.0134613204477652
-11.0,16.0,-11.0,16.0,0.5568699143922868,0.07187936692729585
-11.0,16.0,-11.0,16.23976140753285,-1.8277165192301752,-1.0492796455819786
-11.0,17.0,-11.197860314109896,16.802139685890104,1.4189981278780825,1.3737049470716862
-12.0,16.0,-11.719033602489109,16.28096639751089,1.1900831935712481,1.5363201163058369
-11.0,17.0,-10.77299578812027,17.22700421187973,2.4223904224852197,1.8248711750032978
-10.0,18.0,-9.734662222886781,17.73466222288678,-0.20980411934334364,-0.09643930127814444
-9.0,17.0,-8.746436858378809,17.0,0.21744306459920806,0.2779867512911942
-8.0,17.0,-8.0,16.844507138537296,0.4562147027201587,0.4150176662810945
-8.0,16.0,-7.707218040917311,15.707218040917311,0.19126982967886402,0.3468334769052387
-7.0,15.0,-7.0,15.0,0.7225991769985186,0.4595551633308462
-7.0,15.0,-7.249521160765938,15.0,-0.6231413342935546,-0.21048563704879225
-8.0,15.0,-8.0,15.0,1.0306490535760033,0.9242917713106362
-8.0,15.0,-7.736094488010432,14.736094488010432,0.5116110165564962,0.4523207266831887
-7.0,14.0,-6.710096931260157,13.710096931260157,0.286946175620354,0.1153843361444627
-6.0,13.0,-6.162080494486846,12.837919505513154,-0.30484417769201316,-0.21009889851256314
-7.0,12.0,-6.837397992905226,12.162602007094774,0.27971277025794106,0.47970035778914283
-6.0,13.0,-5.751634723759638,13.0,1.5096335510920746,0.8873100898472374
-5.0,13.0,-4.823310353177444,13.176689646822556,-0.9960446607146691,-0.6085639820136552
-4.0,14.0,-4.2170910011918705,14.21709100119187,1.1969569422040902,1.231187157558722
-5.0,15.0,-4.749786905458535,15.250213094541465,1.35463374670866,0.8230521993944147
-4.0,16.0,-4.198277488828829,16.19827748882883,-0.7698815520945864,-0.7152536170116683
-5.0,17.0,-4.8488387254815795,17.0,-0.49436900951806667,-0.30742864645974893
-4.0,17.0,-4.0,17.0,0.7423257964359334,0.5187453207753214
-4.0,17.0,-4.244565862807606,16.755434137192395,-0.3614591418748018,-0.30162417179755074
-5.0,16.0,-5.183204164606355,15.816795835393645,-0.11680124321982188,-0.0965101154184835
-6.0,15.0,-6.280091015544329,15.0,-0.006044329778813174,-0.023210228010319228
-7.0,15.0,-7.0,15.258232331182043,-0.0673311875459067,-0.03571529711959907
-7.0,16.0,-7.0,16.25948505965799,0.055100772393376116,0.36969571671202334
-7.0,17.0,-6.818665750469063,17.0,1.2674824976969172,0.9821205917721907
-6.0,17.0,-5.753280960323895,17.0,-0.30619653239740646,-0.05753358317942822
-5.0,17.0,-5.165899997048771,16.834100002951228,0.7016825090597336,0.6864862264728347
-6.0,16.0,-6.207745129752457,16.207745129752457,0.6100834562735451,0.7390565455817736
-7.0,17.0,-7.189181347049509,17.18918134704951,1.230907104278719,0.9944017932260345
-8.0,18.0,-8.0,18.0,-0.01924421740941009,-0.15507279583765454
-8.0,18.0,-8.0,18.0,-0.5937128157181785,-0.25729194504062997
-8.0,18.0,-7.773540827601862,18.0,0.9019538155348934,0.5527282982479225
-7.0,18.0,-7.2874745241862255,18.0,-0.6401586702998514,-0.22856874685859568
-8.0,18.0,-7.793574243557413,18.206425756442588,0.7915853237336101,0.3551717608718164
-7.0,19.0,-6.789064452741341,18.78906445274134,-1.3225576513615231,-1.1682629629142003
-6.0,18.0,-5.724216777289545,18.0,-0.5910797641464335,-0.27274849274413904
-5.0,18.0,-5.0,17.762693423116175,0.5632010085331678,0.673885217793154
-5.0,17.0,-5.23164250473007,17.23164250473007,1.0296196418193961,0.6185536566108101
-6.0,18.0,-6.0,18.25421750139917,-0.7449509866911038,-0.16568651103692478
-6.0,19.0,-6.281816698821219,19.28181669882122,1.5336666240792214,1.3758075900611755
-7.0,20.0,-7.152073123606889,20.0,0.973518717023544,0.9450749016915727
-8.0,20.0,-8.0,19.76302507424003,0.7864783337044047,0.6990046225317035
-8.0,19.0,-7.819502814876111,19.18049718512389,0.41735189177314663,0.3758893989801323
-7.0,20.0,-6.8273982760547,19.827398276054698,0.1876392080847248,0.3209091790595673
-6.0,19.0,-6.0,19.0,0.9597634252048101,0.5775698627382944
-6.0,19.0,-6.0,18.794405121496663,-0.7823043317324755,-0.4251642289094693
-6.0,18.0,-6.0,18.204073221622856,0.9548016965055107,0.7362790718664283
-6.0,19.0,-6.0,18.7299759226751,-0.11600329643438201,0.18166782796999803
-6.0,18.0,-6.0,18.26363205260554,0.98638404381088,0.7794404079217955
-6.0,19.0,-6.0,19.24529152054004,0.20141258892210717,0.213981457215072
-6.0,20.0,-6.0,20.25712133400827,0.2526531220856385,0.3321982976229164
-6.0,21.0,-5.765800943368668,21.0,0.5620213658530698,0.024889763773462303
-5.0,21.0,-4.745163297203945,20.745163297203945,-1.73146183517084,-1.3631900264171652
-4.0,20.0,-4.236890886267536,19.763109113732465,-0.2863332304093765,-0.1565532423137955
-5.0,19.0,-5.0,18.795735932680913,0.26151388241290635,0.3146752576009407
-5.0,18.0,-5.0,18.180486142630926,0.5217719683590247,0.6025553627155318
-5.0,19.0,-5.0,19.0,0.9693597619643218,0.6798174791750766
-5.0,19.0,-4.839190698723441,19.0,-0.023484754572311053,-0.0888259595621217
-4.0,19.0,-4.0,19.0,-0.4298120283749445,-0.01379831039071222
-4.0,19.0,-3.7447313210319875,19.25526867896801,1.2519519656821838,0.7987714241205108
-3.0,20.0,-3.2409959744884844,20.0,-0.5233560877529994,-0.3732611897370678
-4.0,20.0,-3.812450230039199,20.1875497699608,0.09945472198981505,0.18157733933363304
-3.0,21.0,-3.1964012276105036,21.196401227610504,0.5373257860864654,0.5755442161075655
-4.0,22.0,-4.2456674629783775,22.0,0.7319194273079632,0.16994740984308332
-5.0,22.0,-5.221686072048179,22.0,-1.555611899192291,-1.101060437281343
-6.0,22.0,-6.294811112094393,22.0,0.49481669883059487,0.5470636670397241
-7.0,22.0,-7.251083367827723,21.748916632172275,0.6720385404292956,0.701287224505129
-8.0,21.0,-7.832271444043125,20.832271444043126,0.7885284709606636,0.9463250112878733
-7.0,20.0,-7.0,20.0,1.729313654658195,1.1821187166855374
-7.0,20.0,-7.246474683935963,20.0,-0.18218402646575496,-0.6461467820964488
-8.0,20.0,-8.0,19.75056146413535,-2.0645792007759742,-1.4377959922460404
-8.0,19.0,-7.820965315300574,18.820965315300576,0.44819696813981375,0.48387602240652605
-7.0,18.0,-6.745420328988676,18.0,0.6474826782055058,0.09626843575925892
-6.0,18.0,-6.0,17.74692069686081,-1.5177107964208583,-0.5563875261523569
-6.0,17.0,-6.152616930498994,17.0,2.280795277937119,2.198591333335038
-7.0,17.0,-6.753402008633467,17.24659799136653,1.742166016207716,1.3559769016653822
-6.0,18.0,-5.831516658867506,18.168483341132493,0.1760984566049375,0.34288300717870546
-5.0,19.0,-5.266820886816791,18.73317911318321,1.1660156166795936,1.0415663507039759
-6.0,18.0,-6.0,17.822511696091233,0.6996006089929225,0.5032778975474863
-6.0,17.0,-6.228335700557993,17.228335700557995,-0.4065157216152736,-0.5605545573001192
-7.0,18.0,-7.0,17.70514199014869,-1.0811313656359611,-0.4605864994096537
-7.0,17.0,-6.793738361320836,16.793738361320838,1.0234235234756883,1.0118832908115025
-6.0,16.0,-6.0,16.236595230865504,0.9674740374826267,0.1951588889511081
-6.0,17.0,-5.786638961827839,17.213361038172163,-2.2968147045442624,-1.712595358329896
-5.0,18.0,-4.817144519397723,17.817144519397722,0.44135788413126914,0.519932464125064
-4.0,17.0,-4.249293631298961,16.75070636870104,0.8710665247199527,0.7743880901818763
-5.0,16.0,-4.822689409889243,16.177310590110757,0.4832570406415716,0.3740206244794866
-4.0,17.0,-3.761901987645716,17.238098012354286,-0.13281679958337134,-0.03668218446464848
-3.0,18.0,-3.277680968821675,18.277680968821674,0.2709438793410576,0.3219774446582756
-4.0,19.0,-4.200707819413185,19.0,0.4547287657658506,0.2947353845117988
-5.0,19.0,-5.0,18.715996299280878,-0.34241696438970043,-0.482734786844412
-5.0,18.0,-5.293692435267734,18.293692435267733,-0.8364873659352252,-0.6603395812460379
-6.0,19.0,-5.728523140252994,19.271476859747004,-0.23671779907999174,0.23738431524579162
-5.0,20.0,-5.0,20.0,1.509663512268635,1.3145655611679548
-5.0,20.0,-5.0,19.700899428506784,0.5258361016643531,0.4515506017844535
-5.0,19.0,-4.769316239264142,19.230683760735857,0.2774731530111971,0.44243649184550315
-4.0,20.0,-4.0,19.76686999337808,0.9925791418683644,0.6591970011727437
-4.0,19.0,-4.185986132749001,19.185986132749,-0.43744758667835665,-0.31913940864894186
-5.0,20.0,-5.22600300980676,19.77399699019324,0.19866531206704924,0.020600898185497984
-6.0,19.0,-5.783024880312673,19.216975119687326,-0.5892198317361312,-0.22592949539536838
-5.0,20.0,-4.808525056035892,20.0,1.0851211565960048,0.4834153869176885
-4.0,20.0,-3.707895353871616,20.292104646128383,-2.057356690485149,-1.1441806978808804
-3.0,21.0,-2.847982943095656,20.847982943095655,1.068837995931842,0.7407894099678347
-2.0,20.0,-2.0,20.0,-1.0891342253724379,-0.6560281471860148
-2.0,20.0,-2.0,20.299418302055624,0.4747519804747064,0.12494531400126113
-2.0,21.0,-2.2151300853443403,21.0,-0.693535542605494,-0.6361162052410668
-3.0,21.0,-2.7462785628373942,21.253721437162607,-0.4266303476741531,-0.3548841984878506
-2.0,22.0,-2.204551301271587,22.204551301271586,-0.1438550725982768,-0.2944226813425462
-3.0,23.0,-3.186085643130866,22.813914356869134,-0.8799423417003074,-0.4041841683746824
-4.0,22.0,-4.209432456872903,22.0,1.6767200924405352,1.3728666234561113
-5.0,22.0,-5.171194702216581,22.0,0.22587778499044336,0.1855627013420035
-6.0,22.0,-6.268409678225873,22.268409678225872,-0.009614804011737059,0.1085131673099424
-7.0,23.0,-7.0,22.784017158624977,0.4304884445092493,0.41584828211566094
-7.0,22.0,-7.29519964655525,22.0,0.36270453028539756,0.495226061922767
-8.0,22.0,-7.727878156060037,22.0,0.8116262454154541,0.833817518192355
-7.0,22.0,-7.0,22.174641062408494,0.8931752767449523,0.4559702504803367
-7.0,23.0,-7.194222414281775,23.194222414281775,-1.6102739134688286,-0.9539887013436925
-8.0,24.0,-8.2733869737438,23.7266130262562,1.7687655993085614,1.220512390778962
-9.0,23.0,-9.0,23.20589817236963,-0.2366452694747605,-0.07446788424440753
-9.0,24.0,-8.709527349499623,23.709527349499623,0.5510129373169481,0.5323582005576247
-8.0,23.0,-8.0,23.0,0.48679092974691274,0.5911356932768558
-8.0,23.0,-8.179116127776297,23.179116127776297,0.8561502340396102,0.8159910073574315
-9.0,24.0,-9.19893676998905,24.19893676998905,0.6319424690507719,0.4836715015886913
-10.0,25.0,-10.280265704102908,25.280265704102906,-0.1133745855603054,-0.8423497747593873
-11.0,26.0,-11.0,25.72647891413108,-2.7143891889433114,-2.326658439462847
-11.0,25.0,-11.0,25.0,-1.2968357734590157,-1.2187836103986447
-11.0,25.0,-11.243201714165894,24.75679828583411,-0.8275375131307894,-0.9428591936661949
-12.0,24.0,-12.255329348320814,24.255329348320814,-1.3017187125969327,-1.2959802446703539
-13.0,25.0,-12.744119416543235,25.255880583456765,-1.279243944363989,-1.0186441685935996
-12.0,26.0,-12.160712047754087,26.16071204775409,-0.2608009962908242,-0.06214194823526528
-13.0,27.0,-13.0,27.241140418281272,0.9753169602144405,1.2166394178279722
-13.0,28.0,-12.825997578508074,28.174002421491927,1.976071870293622,1.3983796267062139
-12.0,29.0,-11.724598123733866,29.275401876266134,-1.3439522916357214,-0.9671089785514843
-11.0,30.0,-10.780697316283117,29.780697316283117,0.024387380531488145,-0.09506420293400826
-10.0,29.0,-9.715872102937553,29.0,-0.5203008168081633,-0.7217484544979539
-9.0,29.0,-8.823055815806008,28.823055815806008,-1.2293041908961189,-1.2212589445335125
-8.0,28.0,-8.255943884777142,27.744056115222858,-1.1838364836682507,-0.9361968291479696
-9.0,27.0,-8.756227612131754,27.0,-0.21628199516813665,-0.19654823264100166
-8.0,27.0,-8.29599843606813,27.0,-0.1353304046303246,0.3556849963530859
-9.0,27.0,-9.0,27.0,1.5235141740970901,1.447467202132159
-9.0,27.0,-8.799850155368647,27.20014984463135,1.11640895430543,0.9314918972438394
-8.0,28.0,-8.0,28.0,0.19251587108979312,0.30857815856567894
-8.0,28.0,-8.186609483902052,28.186609483902053,0.7737779214010543,0.7188304421076337
-9.0,29.0,-8.803328669645742,28.80332866964574,0.4793262239607385,0.4697617815010917
-8.0,28.0,-8.287889725957475,28.0,0.4306946189249735,0.2051988312521241
-9.0,28.0,-9.213598540214123,27.786401459785875,-0.3525767775199194,-0.3453539438881721
-10.0,27.0,-10.0,27.0,-0.31876178222778534,0.12309801504855789
-10.0,27.0,-10.158789456568432,27.15878945656843,1.3104137462526173,1.0587356884503047
-11.0,28.0,-10.708930259116455,28.0,-0.274565906938973,-0.9633552176439758
-10.0,28.0,-9.803900699841932,27.803900699841932,-2.640972351711194,-2.1471167882525584
-9.0,27.0,-9.0,27.283478480554464,-0.12257701291824641,0.4952308555276347
-9.0,28.0,-9.215921574841747,28.215921574841747,2.0568048831519277,1.2161556739660822
-10.0,29.0,-10.273037105923805,29.0,-1.8365031839181254,-1.3738809387842044
-11.0,29.0,-11.0,29.164981647227183,-0.14214650090001793,-0.24184256032899876
-11.0,30.0,-10.774241455383333,30.225758544616667,-0.7464322569495779,-0.42809577588038383
-10.0,31.0,-9.747984577693316,31.252015422306684,0.6636427486707959,0.4911142899433144
-9.0,32.0,-8.75110649890397,32.24889350109603,-0.020952095360327994,0.1696827474701124
-8.0,33.0,-7.7527833336061205,32.75278333360612,0.7449772760011535,0.6120300888354551
-7.0,32.0,-7.278397064059045,31.721602935940954,0.2072012874119393,-0.11010499527833154
-8.0,31.0,-8.0,31.153147721148564,-0.9325603108747911,-0.8188891630917556
-8.0,32.0,-8.0,31.768821050290175,-0.19032825589848967,-0.0785579367301721
-8.0,31.0,-7.745047680815112,30.745047680815112,0.2931514004829049,0.3281281534903152
-7.0,30.0,-6.8134107673721225,29.813410767372122,0.4303407899312339,0.23439291912990984
-6.0,29.0,-5.807213915387998,29.0,-0.6198155778379125,-0.7202724502410581
-5.0,29.0,-5.0,29.19484133664767,-1.1408950561899094,-0.8700665354776942
-5.0,30.0,-5.0,29.848967275256285,0.24910013359856067,0.09969950302237465
-5.0,29.0,-5.0,28.732148452636924,-0.7400936376831369,-0.6624301456516325
-5.0,28.0,-5.0,27.792946629730384,-0.45014387709343795,-0.24982503435066689
-5.0,27.0,-5.186807619375688,27.0,0.5173305594826234,0.4343324027053096
-6.0,27.0,-6.161189175840375,27.161189175840377,0.07303306747081827,0.10852886562168805
-7.0,28.0,-7.151602624350484,28.0,0.2932451131358512,0.12546199076750997
-8.0,28.0,-7.84582365523638,28.0,-0.8134845565329953,-1.0163621862296894
-7.0,28.0,-7.0,27.81094240950982,-2.1293649531511805,-1.5039670745624392
-7.0,27.0,-6.71087819577266,27.0,1.178610552974939,0.6415161496225289
-6.0,27.0,-6.0,27.0,-0.6790646396234269,-0.3887611465825757
-6.0,27.0,-6.0,26.80916454620688,0.6762985214589473,0.11790550940418665
-6.0,26.0,-6.0,26.216231198837967,-2.2497458846297858,-1.5666357118559566
-6.0,27.0,-5.845848474979749,26.84584847497975,0.9094197512492452,0.5764618135531628
-5.0,26.0,-5.226774794809815,26.0,-1.2505195529667914,-0.8608642676698062
-6.0,26.0,-6.0,26.25726355782483,0.46772821625187067,0.7102615200054253
-6.0,27.0,-6.0,27.245085583520105,1.4104707710240145,1.1877117298799538
-6.0,28.0,-5.7672721940625085,28.0,0.5015676933944525,0.015610630787527113
-5.0,28.0,-5.226681853240958,27.773318146759042,-1.5865242758885365,-1.098582402002037
-6.0,27.0,-5.759358872914319,26.75935887291432,0.5660162425085283,0.49979952036257025
-5.0,26.0,-5.0,26.257510664274953,0.29084830696947384,-0.1429189192999482
-5.0,27.0,-5.0,26.803244227823665,-1.3936148491127738,-0.7888803227294008
-5.0,26.0,-5.228696148031813,25.771303851968188,1.6799139205611369,1.3532967627785766
-6.0,25.0,-6.238058315666502,25.0,0.251743133280861,0.25354456533441766
-7.0,25.0,-6.816553073798637,24.816553073798637,0.2593103213814452,0.29027967138209904
-6.0,24.0,-6.0,23.732286855486734,0.4281294487548844,0.35209491367287715
-6.0,23.0,-5.819272430121283,23.0,0.14411449976817206,0.016353329042636783
-5.0,23.0,-4.801814621684195,23.0,-0.5628123449366695,-0.61642467728818
-4.0,23.0,-4.271456940784472,23.0,-0.8333284284495512,-0.46543929350013236
-5.0,23.0,-5.241976455835397,22.7580235441646,0.5219109472181741,0.37954279777865985
-6.0,22.0,-5.816872787411659,22.183127212588342,-0.06644443201904876,-0.25368320615925594
-5.0,23.0,-5.0,23.0,-1.0888963739983542,-0.8045672910283104
-5.0,23.0,-4.796748528986338,23.20325147101366,0.7425287042540524,0.6116452080390915
-4.0,24.0,-4.0,23.77206039720072,0.09858012389586382,0.3814764205379857
-4.0,23.0,-4.286373938993299,22.7136260610067,1.3396821227057503,0.7829983575910727
-5.0,22.0,-4.710146922587546,21.710146922587548,-0.6042229933519753,-0.7664357840650171
-4.0,21.0,-4.211922019786258,20.788077980213743,-1.1638609732593506,-1.0629798942799942
-5.0,20.0,-5.0,19.803273920202948,-0.6878317287235365,-0.42074657799607407
-5.0,19.0,-5.0,19.0,0.6698182127737622,0.45296584539733253
-5.0,19.0,-5.0,19.0,-0.055337913505555225,-0.13787946506851506
-5.0,19.0,-4.785038921992479,18.785038921992477,-0.6044658805307607,-0.3719649952812135
-4.0,18.0,-4.255920390833362,18.0,0.47712938966699997,0.4985923538408046
-5.0,18.0,-4.786534537895499,18.2134654621045,0.5609951734910792,0.6771147767051219
-4.0,19.0,-3.7208143377886085,18.720814337788607,1.1049689014621038,1.1264440019961512
-3.0,18.0,-3.191010618077236,17.808989381922764,1.1818894007597611,0.9536954524515
-4.0,17.0,-4.0,17.21407424396354,-0.012776898974371455,-0.2700296126142057
-4.0,18.0,-3.8087371111299313,18.0,-1.2144754726881186,-1.1692208510748325
-3.0,18.0,-2.8234613814721894,17.82346138147219,-0.9778659459752341,-0.8662478747903903
-2.0,17.0,-1.8445992523110188,17.0,-0.345607281465178,-0.3708035299512024
-1.0,17.0,-1.1701187393344938,17.170118739334495,-0.5077445225063353,-0.1433225306496516
-2.0,18.0,-2.255684105417792,17.744315894582208,1.6344180239732937,0.9133585843365408
-3.0,17.0,-2.826943763244523,17.0,-1.185700334414806,-1.196546635831959
-2.0,17.0,-2.1970480615013344,16.802951938498666,-1.2483753446918324,-0.8687005174946423
-3.0,16.0,-3.0,15.745518803329851,0.6784379632108136,0.22703100437747853
-3.0,15.0,-2.733514322377178,15.266485677622821,-1.0953943070705712,-0.38429944553061457
-2.0,16.0,-2.0,15.717995484875308,1.5730225019799504,0.9577129993720273
-2.0,15.0,-2.0,15.0,-0.608891154033173,-0.5210372031669306
-2.0,15.0,-2.0,14.810903454118213,-0.08834736145285975,-0.009050289288743588
-2.0,14.0,-2.245945453607668,13.754054546392332,0.33099965408537396,0.17434850270909438
-3.0,13.0,-3.0,13.261299663104381,-0.3059348737883117,0.38867957964643624
-3.0,14.0,-3.2963286138218093,14.29632861382181,2.352371092558339,1.3814320512681386
-4.0,15.0,-3.8317741085216372,14.831774108521637,-0.9241907917895986,-0.586100417461114
-3.0,14.0,-2.7184717212738887,13.718471721273888,1.0855496313840252,0.8110621575135434
-2.0,13.0,-1.7740428346884327,13.225957165311568,0.11055885918696086,0.06629266976055959
-1.0,14.0,-0.7762673738857981,13.776267373885798,-0.08534636632497894,-0.3123670173134146
0.0,13.0,0.0,13.204371095679557,-1.100042590703785,-1.1421181278678036
0.0,14.0,0.16680396108457102,14.0,-1.3059207116979157,-1.137597712486297
1.0,14.0,1.2753721454792328,14.275372145479233,-0.2968139847522802,-0.43305192249103774
2.0,15.0,1.7397427162956083,15.260257283704393,-0.791555155837908,-0.3315410239095149
1.0,16.0,1.2420176265291163,16.0,0.9759808968740358,0.6432908019534771
2.0,16.0,1.8322252458930242,16.0,-0.398671436064755,0.005513706624241055
1.0,16.0,1.0,16.228433493460265,2.010422499672925,1.6991858090464322
1.0,17.0,1.0,16.81377492377122,0.6479397660249719,0.594107415517887
1.0,16.0,1.1715326082871789,15.82846739171282,0.358868328401011,0.2201619596521025
2.0,15.0,2.1503441578341693,15.0,-0.4497614133952958,-0.6307226088630618
3.0,15.0,2.8436707219739774,15.156329278026023,-1.653407754394908,-1.4182454998238037
2.0,16.0,2.0,15.78784575935603,-0.14913256333338915,-0.345416041087466
2.0,15.0,2.22162071604675,14.77837928395325,-1.074324900560685,-0.7108507549743839
3.0,14.0,2.7434403561594305,14.0,0.565748067661417,-0.24770768325913384
2.0,14.0,2.29282621912596,14.29282621912596,-2.6048821169752836,-1.8537549953572645
3.0,15.0,3.0,15.0,-0.039786942574525676,-0.19804615183559018
3.0,15.0,3.2397168420000497,15.23971684200005,-0.8841044527547033,-0.49504252512072344
4.0,16.0,4.0,16.190642596850935,0.7389017757100411,0.624632711722237
4.0,17.0,3.8071697668327804,16.807169766832782,0.1395128360117797,0.07342920580358624
3.0,16.0,3.0,16.164606870184738,-0.20319084236258989,-0.061178332112578504
3.0,17.0,2.838228338428662,17.0,0.6595466004344895,0.40547954748573295
2.0,17.0,2.228249148587617,17.228249148587615,-0.9109821960242052,-0.7223837822388945
3.0,18.0,3.2046102835752928,18.204610283575292,-0.08469909725981122,-0.1546730035229431
4.0,19.0,4.151060944712432,19.15106094471243,-0.42668536031771276,-0.5377963579342546
5.0,20.0,4.721331961146476,20.0,-1.162222913244175,-0.9649324966909436
4.0,20.0,4.0,20.0,-0.4542464356943645,0.11402713234833273
4.0,20.0,4.0,19.763725022898363,2.059391284556603,1.6558803336756975
4.0,19.0,4.0,18.789307583757342,0.35158897797832367,0.5485959363570669
4.0,18.0,4.1850759343527315,18.0,1.286634300880907,0.9857145470936017
5.0,18.0,5.220871238731341,18.22087123873134,-0.33929159185990604,-0.4961932087965699
6.0,19.0,6.2719500609600765,18.728049939039924,-1.0496675459129938,-0.663249983321504
7.0,18.0,6.719694644279981,18.0,0.3712461366480778,0.03599869381068643
6.0,18.0,6.0,18.0,-0.8247618453479948,-0.9202874190225618
6.0,18.0,6.0,18.0,-1.22098045896393,-0.3155827022665426
6.0,18.0,6.0,18.0,1.8763549869925258,1.6242411664970295
6.0,18.0,6.2855119947949,18.285511994794902,0.4084446966545732,-0.417940319894655
7.0,19.0,7.0,19.299780405387484,-2.485952146962689,-1.5598089742486394
7.0,20.0,6.797067938343187,20.202932061656814,0.6034531512820678,0.4232085384936949
6.0,21.0,6.0,21.0,-0.2847486011506888,-0.3013770085875947
6.0,21.0,5.727568914149623,21.27243108585038,-0.3686028658750554,0.04709451819099547
5.0,22.0,5.153305422611551,22.15330542261155,1.1572780106353378,1.081951687281312
6.0,23.0,6.0,23.231125789391335,0.6659299417226698,0.6414540908499455
6.0,24.0,5.7744584314412455,24.0,0.5600315435509168,0.5244753736268074
5.0,24.0,4.78920002099934,24.0,0.40238357581122813,0.33298749059974325
4.0,24.0,4.191481816252474,24.191481816252473,0.07318010273466008,-0.11511086654123398
5.0,25.0,4.740854766413495,25.259145233586505,-0.9101559286492651,-0.8577823364576022
4.0,26.0,3.818877514464517,26.0,-0.7080546147766326,-0.6628920486883408
3.0,26.0,2.783629271983781,26.21637072801622,-0.45870641289672826,-0.23473878751067315
2.0,27.0,2.0,27.0,0.5764041468332687,0.6146283253757077
2.0,27.0,2.2164616247113913,27.216461624711393,0.7592195872921472,0.6326837937478695
3.0,28.0,3.260428397153442,28.0,0.17465503127447857,-0.10776436441625664
4.0,28.0,4.279004028659291,28.0,-0.9097865994296288,-0.8391013520618279
5.0,28.0,4.741076003627516,28.258923996372484,-0.6564381165870427,-0.22705197730436688
4.0,29.0,4.0,28.833059671833865,1.0019100678159483,0.8279451467226429
4.0,28.0,4.0,28.202911291282657,-0.04016839821043036,0.2915691492506709
4.0,29.0,3.802512471795842,28.802512471795843,1.594721140780222,1.4341066019169078
3.0,28.0,3.0,27.79719442006841,0.7814316114420715,0.533804663098596
3.0,27.0,3.0,27.0,-0.43957497243498117,-0.21481846301777113
3.0,27.0,2.7527230240259444,27.0,0.39927489171479763,0.32967455176009197
2.0,27.0,2.2496502473945483,27.24965024739455,0.11780776490066129,-0.0169569573677298
3.0,28.0,3.0,28.0,-0.42200632971711166,-0.37137756727483445
3.0,28.0,3.0,27.734812206665953,-0.17026424790852013,0.06635845525538117
3.0,27.0,3.1838320982526196,27.0,0.7220192927061775,0.7043585044086508
4.0,27.0,4.28621703959193,27.0,0.6259490826318872,1.2455955652529913
5.0,27.0,5.239324727179182,27.23932472717918,2.7909022367297536,1.7193143949908072
6.0,28.0,6.0,27.81865537611906,-1.686645296152844,-1.2676271311140173
6.0,27.0,5.824208556303727,27.175791443696273,0.6239727749620022,0.2561795347415435
5.0,28.0,5.208555271630649,28.20855527163065,-1.4682407735877254,-1.45193391153879
6.0,29.0,6.278445175300543,29.278445175300543,-1.3900511314778161,-0.7682099661587513
7.0,30.0,7.0,30.0,0.8432113577999175,0.4217706342286438
7.0,30.0,7.269320186782689,29.73067981321731,-1.0161472994892042,-0.3909768992837498
8.0,29.0,7.786358557701756,29.0,1.3051432345541845,1.127884201134382
7.0,29.0,6.774478356250381,29.0,0.475439823488703,0.6044893088007322
6.0,29.0,6.0,28.843362473900378,1.0476664318372302,0.8706473330207325
6.0,28.0,5.754922729875329,28.0,-0.08245291583373243,-0.18925880196335648
5.0,28.0,4.805861389017079,28.0,-0.5182578604346394,-0.29194720544730884
4.0,28.0,4.0,27.814704223123183,0.6474590149541511,0.14043983099324187
4.0,27.0,4.0,27.26137972400032,-2.088810491597933,-1.743736641975536
4.0,28.0,4.2004398240455245,27.799560175954475,-0.7686091984709599,-0.22165536303578248
5.0,27.0,5.0,26.77696090080074,1.960159089167082,1.818090345681017
5.0,26.0,4.751004600476167,26.0,1.3231912032846855,0.7124461760883625
4.0,26.0,4.0,26.194555065817404,-1.1296453887338074,-0.8538220919074805
4.0,27.0,4.246148157437634,26.753851842562366,0.288067872380633,0.17177014843898725
5.0,26.0,4.834727706606658,26.0,-0.1844025501172959,0.038279197782109725
4.0,26.0,3.822500629875931,25.822500629875933,1.1629602977463258,1.2129286636883028
3.0,25.0,2.830900374455445,25.0,1.4444732175220412,0.9880782688127578
2.0,25.0,2.1959084576533607,24.80409154234664,-1.2544975651721608,-1.0817776535586487
3.0,24.0,2.756780912715076,24.243219087284924,-0.37286175586411274,-0.07487408172805077
2.0,25.0,2.2099203729821135,25.0,0.8523203524256773,0.6386805893611245
3.0,25.0,3.2334361069698105,25.233436106969812,-0.1653977472023007,-0.1053431146532004
4.0,26.0,4.176396361974613,25.823603638025386,0.09186593547583338,-0.13582547166692618
5.0,25.0,4.845911935314083,25.154088064685915,-1.1989282996996526,-1.140175203791695
4.0,26.0,4.275729944385258,26.275729944385258,-0.8176327332473382,-0.7617357869013526
5.0,27.0,5.267202104427747,27.267202104427746,-0.6149092079856614,-0.1515870226833777
6.0,28.0,5.7384429032425155,27.738442903242515,1.1190673499256523,0.35841141219982897
5.0,27.0,5.0,27.264674118301052,-1.7891157854419257,-1.3504725351351354
5.0,28.0,5.0,27.72565435595462,-0.1318201906839285,0.3157977913408945
5.0,27.0,5.251393184444786,27.251393184444787,1.4997638775901143,1.1220253981961827
6.0,28.0,6.0,27.803426689112726,-0.0028165532524527964,-0.106965159352242
6.0,27.0,6.25941514086346,26.74058485913654,-0.5326372376052415,-0.09213612961892598
7.0,26.0,7.186996853464499,26.0,1.1654174962862078,1.0259061107616916
8.0,26.0,7.7238846613289445,25.723884661328945,0.41935475277056616,0.26534193607519596
7.0,25.0,7.255565644894862,24.744434355105138,-0.13842960443550176,-0.2934374941659472
8.0,24.0,8.0,24.282917206869318,-0.7449582706582829,-0.17842119329419015
8.0,25.0,8.272113103936018,25.0,1.2575253662800019,0.7495352541208773
9.0,25.0,8.783163380841952,24.783163380841952,-0.6093090669436436,-0.5791252598723688
8.0,24.0,7.757364426586162,23.75736442658616,-0.4701083766337,-0.5606945464796664
7.0,23.0,7.0,23.0,-0.843450869539565,-0.9245831180824207
7.0,23.0,6.774057262396436,23.0,-1.2366123503196775,-1.0331887411153031
6.0,23.0,6.0,22.81882888193311,-0.3362797644531698,-0.31502132778468006
6.0,22.0,6.0,21.807601955973542,-0.2189407708248316,-0.3274194733841579
6.0,21.0,6.227419387021234,21.0,-0.7827651231368942,-0.6753983110010684
7.0,21.0,7.0,21.0,-0.31065580324940023,-0.03103569578598664
7.0,21.0,7.0,21.0,0.6256773449103964,0.5372479494290103
7.0,21.0,6.716659014267346,21.0,0.09436704946784938,0.7707551314440495
6.0,21.0,6.28512879023048,21.28512879023048,2.4815546292216846,2.3735582434183313
7.0,22.0,7.0,22.0,2.1027911037423546,1.5773487302349332
7.0,22.0,7.0,21.772902961152607,-0.9279761312555928,-0.9602263426320852
7.0,21.0,7.0,21.0,-1.069986839718261,-1.0558746031958985
7.0,21.0,6.733364105123877,21.0,-1.0003141199561658,-0.5831480915802423
6.0,21.0,6.2008863314201825,21.0,0.5642390268350248,0.4233856200746676
7.0,21.0,7.2637799699430285,20.73622003005697,-0.13692070745143642,-0.07614489404065367
8.0,20.0,7.707762884185133,19.707762884185133,0.09348273608489094,-0.05316500169880681
7.0,19.0,7.274737977267196,19.0,-0.40832805333105515,-0.022155797043661052
8.0,19.0,7.766029078888284,18.766029078888284,0.9972739683793349,0.5717487943350561
7.0,18.0,6.845906528038376,18.0,-0.8214356901645117,-0.6100829462935767
6.0,18.0,5.788680938863249,18.211319061136752,0.5501522244979032,0.45842211135186006
5.0,19.0,4.724193486680164,19.275806513319836,0.11606874592953298,0.13180532839743267
4.0,20.0,4.0,19.731200163812243,0.17312534795999687,0.37045508789381987
4.0,19.0,4.286971803117456,18.713028196882544,0.9072394111694274,1.1738907212519785
5.0,18.0,5.232015698367265,18.232015698367263,1.836429342674343,1.646125745830163
6.0,19.0,6.196560536601191,19.0,1.0162107187476876,1.0597224627157842
7.0,19.0,6.770389566183687,19.229610433816312,1.2375763332320395,0.8916059980142547
6.0,20.0,6.289676157388128,20.28967615738813,-0.2691946329974782,-0.12346709261577452
7.0,21.0,7.0,21.0,0.23387590513606882,0.11039710868322875
7.0,21.0,7.275396092426582,21.0,-0.25527743733129293,-0.2086665519800958
8.0,21.0,7.802188246534354,21.197811753465647,-0.08602708617163307,0.30734315140102997
7.0,22.0,7.0,21.756391761185963,1.902581935693088,1.2755419094407192
7.0,21.0,7.0,21.20959573167457,-0.6713869469071146,-0.5918718761397495
7.0,22.0,6.842497050023217,22.0,-0.2920134256427368,-0.036408562429443736
6.0,22.0,6.236560488086141,21.76343951191386,1.3308441986174575,1.1234870516148663
7.0,21.0,7.2221303207080565,21.222130320708057,0.4542939823062536,0.05757697164398512
8.0,22.0,7.776989698880617,21.776989698880616,-1.3316711637292096,-1.2410396204480707
7.0,21.0,6.730920802006502,21.2690791979935,-0.9252704601463667,-0.7396097384808777
6.0,22.0,6.250889482700195,22.0,-0.23528504674411868,-0.5201029391658941
7.0,22.0,7.150620956863709,21.84937904313629,-1.370517537785298,-1.1435976288336376
8.0,21.0,8.0,20.752673251047867,0.13604511907653338,-0.012654283915982806
8.0,20.0,8.271051156996803,19.728948843003195,-0.4651814106964154,-0.46626240199772284
9.0,19.0,8.721206451029413,19.0,-0.46916955564028734,-0.4575939459051147
8.0,19.0,8.0,19.16538909916705,-0.42764919127778966,-0.1565637906333084
8.0,20.0,8.0,19.77947506732415,1.2114273984717594,1.0217773071607383
8.0,19.0,7.8433626152064715,19.0,0.3514335238118481,0.19843002282283922
7.0,19.0,7.241608429951385,19.241608429951384,-0.6253671370948091,-0.6413215251629257
8.0,20.0,7.817218903155253,19.817218903155254,-0.6914012074760739,-0.6445618375092953
7.0,19.0,7.1725583839272335,18.827441616072765,-0.4351418306841522,-0.29418929236969693
8.0,18.0,8.0,18.24395229549369,0.38169786789516186,0.5594230597458771
8.0,19.0,7.801148023237408,18.80114802323741,1.110222235706709,0.7065905719716902
7.0,18.0,6.700574060254617,18.0,-0.9195874262656862,-0.2954430705132337
6.0,18.0,5.833713415605144,18.166286584394857,1.1648824639622426,1.0315136982923
5.0,19.0,5.0,19.0,0.36284081907974874,0.383117347125213
5.0,19.0,5.196614455444015,18.803385544555983,0.45916216299159707,0.5506343618464614
6.0,18.0,6.0,18.0,0.9243985498497873,0.47849941454115874
6.0,18.0,6.272585391777238,18.272585391777238,-0.7753340384014881,-0.6776775375156573
7.0,19.0,7.0,19.25444719252984,-0.41707382405501414,-0.656131537963975
7.0,20.0,6.759704209216114,19.759704209216114,-1.3565918102120953,-0.7492299520784965
6.0,19.0,6.0,18.7292766677254,1.1709674789135325,0.9691675670091506
6.0,18.0,6.0,18.0,0.425557357780376,0.2899915380053406
6.0,18.0,6.247013186745204,17.752986813254797,-0.11478133376026112,-0.31501585053237535
7.0,17.0,6.748970766931526,17.251029233068476,-0.9254041163352554,-1.0276986590171424
6.0,18.0,6.225633649805106,18.0,-1.3329046350257774,-1.0049800396445419
7.0,18.0,6.735517177598906,18.0,0.12044505667351042,0.03193179433030385
6.0,18.0,6.258809989320297,18.258809989320298,-0.21422039168961388,-0.12997743273944606
7.0,19.0,7.0,18.750775690289256,0.11128079615638804,-0.15048092889442033
7.0,18.0,7.263884242247507,18.263884242247507,-0.9390249519249978,-0.9141982421075283
8.0,19.0,7.746862527996203,18.746862527996203,-0.8449431317828782,-0.6113218757108835
7.0,18.0,7.1882326365549885,18.18823263655499,0.07795956698663022,0.2748335110499749
8.0,19.0,8.0,19.0,1.1238671612620372,0.9325974434947468
8.0,19.0,7.809177427937107,19.190822572062892,0.3593786956049886,0.2643941509228816
7.0,20.0,6.701254221070619,19.70125422107062,-0.1383849790760191,-0.39621831246951583
6.0,19.0,6.0,19.156713966059307,-1.0014376197442743,-1.0630066075542877
6.0,20.0,6.0,19.820599302304316,-1.3943125456887375,-1.0699613648584039
6.0,19.0,5.73290491381119,18.73290491381119,0.4136580196238356,0.2032477613685849
5.0,18.0,4.7617885646459515,18.23821143535405,-0.3741148340725868,-0.38422459456237745
4.0,19.0,4.298713542211811,18.70128645778819,-0.4165551160630997,-0.2804628711381639
5.0,18.0,5.219220637935142,18.0,0.039039377300833164,0.3567017282321156
6.0,18.0,6.0,18.295059132356243,1.4880925044305189,1.501950652102002
6.0,19.0,5.772272870840698,18.7722728708407,1.5350598616541933,1.2990189804590877
5.0,18.0,4.839852044184893,17.83985204418489,0.49855234466886444,0.3370965845090286
4.0,17.0,3.796078953257124,16.796078953257123,-0.5096138809821091,-0.3946215374840251
3.0,16.0,2.8444881593217297,16.15551184067827,0.05429232357497988,-0.02369798862631716
2.0,17.0,1.7776529296001362,17.0,-0.4472149048208744,-0.12721913078022634
1.0,17.0,0.8145095167050482,16.814509516705048,0.9919575271125671,0.950008300060747
0.0,16.0,0.0,16.245564002700554,0.7658045390634932,0.3827945665546117
0.0,17.0,0.0,16.792491146958344,-0.7939109253237231,-0.6533342227336936
0.0,16.0,0.24022785502377836,16.24022785502378,-0.11646174409862062,0.1264275709061447
1.0,17.0,1.2612214447006096,17.26122144470061,0.8946171542278184,1.0079853635426446
2.0,18.0,2.2908216004361095,18.0,1.3286098895668308,0.7010112243011534
3.0,18.0,3.0,18.0,-0.8294095433932541,-0.7192308544633268
3.0,18.0,3.2712542493133885,17.728745750686613,-0.12384155808609901,0.15240865471784124
4.0,17.0,3.8166901591430316,17.0,0.894576451966086,0.5748704057639598
3.0,17.0,3.0,17.0,-0.8494981962225202,-0.9992905035857953
3.0,17.0,2.7669875414814142,17.233012458518587,-1.3729297043931201,-0.9687782292593304
2.0,18.0,2.266702373235886,18.0,0.3615332410787567,0.09304946555594312
3.0,18.0,2.758033487017061,18.241966512982938,-0.6451461231327945,-0.8951869331701103
2.0,19.0,1.8283984130389075,18.828398413038908,-1.6785156045326703,-1.3510678393717201
1.0,18.0,1.0,18.0,0.22967050819362436,0.002132897053738231
1.0,18.0,1.0,18.0,-1.2102097006408403,-0.84118840944543
1.0,18.0,0.726008954995871,18.0,0.7597958871591547,0.4405318042401837
0.0,18.0,0.2982248479334143,18.298224847933415,-0.40543957852608253,-0.2691396518100083
1.0,19.0,1.2375286604936324,18.76247133950637,0.051597880493785386,-0.2157660698132417
2.0,18.0,2.162676336624104,17.837323663375898,-1.0740092346703005,-0.6753402272628628
3.0,17.0,3.0,16.769707212480615,1.3766791425129274,1.0275299616894262
3.0,16.0,3.263236598019882,16.263236598019883,-0.13943078252807795,0.12346119991442311
4.0,17.0,3.7869168067753276,17.0,0.8592600698079071,0.8926157228596598
3.0,17.0,3.0,17.0,1.0157982394634693,0.7624612472822049
3.0,17.0,2.79102951667196,17.20897048332804,-0.48262833255159576,-0.676361436202775
2.0,18.0,1.7029929794647247,18.297007020535276,-1.409711911848575,-0.94110677038943
1.0,19.0,1.1698965270076793,19.16989652700768,0.16804588193896,0.033593530379499276
2.0,20.0,2.2427340451106694,19.75726595488933,-0.6233319874472899,-0.6646957830866742
3.0,19.0,3.225850263901679,18.77414973609832,-0.7937398740728572,-0.6211533362897669
4.0,18.0,4.0,17.829277396149354,-0.029576331371736198,-0.20735033418968377
4.0,17.0,4.227290604789702,16.7727093952103,-1.070879584767929,-0.8205839428782689
5.0,16.0,5.0,15.817738659820545,0.030334616854013584,-0.30174198047044265
5.0,15.0,5.276830356459255,14.723169643540745,-1.7916458261598138,-0.8732700677564987
6.0,14.0,5.722985770429084,13.722985770429084,1.5258218466403153,1.135688667698115
5.0,13.0,5.0,13.251365767566005,0.11747116535401136,0.5864148004635601
5.0,14.0,5.0,14.256860921273807,1.9830538962499824,1.4397078218410968
5.0,15.0,5.0,14.750665042806036,-0.13227790165200715,0.06186819972352606
5.0,14.0,4.848247308850096,13.848247308850096,0.6463778615047862,0.6889647749280278
4.0,13.0,4.0,13.26542336439386,0.9270115234223433,0.9275276941612832
4.0,14.0,4.0,13.746280699572583,0.9289562306643704,0.32161814304112324
4.0,13.0,4.2654774307555625,13.0,-1.4647839641104117,-1.1179959486128985
5.0,13.0,5.0,12.82505179657775,-0.1585033717808267,0.03959481110995572
5.0,12.0,4.705283200407362,12.294716799592637,0.9738213907242078,0.24935927211910003
4.0,13.0,4.22321925455356,13.223219254553559,-1.4843422416390375,-1.335938344732961
5.0,14.0,4.71761134513624,14.0,-0.8195075829852144,-0.7312303957615647
4.0,14.0,4.2514736817196574,13.748526318280343,-0.5068987522011318,-0.3187111995339743
5.0,13.0,5.188953703006861,13.188953703006861,0.24144020470390481,0.6290783560305572
6.0,14.0,6.287999926775224,14.287999926775223,2.292938244478106,1.8025338013209822
7.0,15.0,7.159481925895225,15.159481925895225,0.5901446061315531,0.13624417317454746
8.0,16.0,7.824687844371448,16.17531215562855,-2.255948644931927,-2.1255237639853095
7.0,17.0,7.190637061845009,17.19063706184501,-1.5119906433946046,-1.3996767800659757
8.0,18.0,8.0,18.27246044652523,-0.9228404422656025,-0.9825869898049528
8.0,19.0,7.825618795848048,19.0,-1.1421256570603227,-1.1211100495655473
7.0,19.0,7.16284204846001,19.16284204846001,-1.0216103320459196,-1.1508559655977844
8.0,20.0,7.836558209229264,20.0,-1.8152974342049437,-1.6561620390943501
7.0,20.0,7.267631063974627,20.0,-0.8416456260586602,-0.5888674652445129
8.0,20.0,8.0,20.0,0.10285669388919289,-0.05684841329295223
8.0,20.0,7.814396875079331,20.0,-0.47015299635053154,-0.4572926695617218
7.0,20.0,7.0,19.798283775188196,-0.40086360914702124,-0.592656291601471
7.0,19.0,7.276780811243931,18.72321918875607,-1.3516680505517167,-1.110649684358721
8.0,18.0,7.758245983241467,17.75824598324147,-0.48087659246692127,-0.22144858243303445
7.0,17.0,7.0,16.791353124587175,0.5922307482603589,0.16984445422801375
7.0,16.0,7.206453200409556,16.0,-1.4321767258348894,-1.012263514719536
8.0,16.0,7.791709355268958,15.791709355268958,0.6017622505643213,0.3535757141549761
7.0,15.0,6.761575952921788,15.238424047078212,-0.5897772769541617,-0.5456290759070068
6.0,16.0,6.0,16.0,-0.40461054738903257,-0.3195973975697441
6.0,16.0,6.0,15.800257157731853,-0.04271159257913221,-0.04234856351764911
6.0,15.0,6.0,15.169816710178356,-0.040894110373708575,-0.11947275134587837
6.0,16.0,5.745687754199559,16.0,-0.5036203102255354,-0.21459354124900548
5.0,16.0,4.750252200002556,16.249747799997444,0.6328832351182067,0.5085489517389817
4.0,17.0,4.187773392109925,17.0,0.1350438812560392,0.1634752595494106
5.0,17.0,5.179846079040804,17.0,0.28645712449514155,0.5045821160538813
6.0,17.0,6.0,17.19077545728476,1.4992997548271132,1.2062389978590171
6.0,18.0,6.195981129875617,18.0,-0.03685568748775771,-0.1500773295147234
7.0,18.0,7.0,18.275571175564625,-0.6145727467721094,-0.5581736204603378
7.0,19.0,7.182027042238734,19.0,-0.40991009946796353,-0.2685521769938063
8.0,19.0,8.0,19.0,0.36666639562644204,0.5125322703130003
8.0,19.0,7.801102430114012,19.198897569885986,1.298834528509308,1.1360746497104546
7.0,20.0,7.278833872576685,19.721166127423313,0.4805244863496634,0.4833791448432354
8.0,19.0,8.0,18.767692529185513,0.4907623332338755,0.45668052907461576
8.0,18.0,8.0,18.283496997332747,0.34405244035024735,0.4679129424670665
8.0,19.0,7.84934525752915,18.84934525752915,0.7809547824637346,0.4960746936498064
7.0,18.0,7.261159996963725,17.738840003036273,-1.1099919221781633,-1.1843767648902277
8.0,17.0,8.266610789373503,16.7333892106265,-1.3948167176172455,-0.9278464829618135
9.0,16.0,9.166162654781662,16.16616265478166,0.35668867251623476,0.2849328824983266
10.0,17.0,10.19713100804503,16.80286899195497,-0.07515198453269929,0.0037960691638225935
11.0,16.0,11.229862798748968,15.770137201251032,0.32533322821723026,0.07562537229575797
12.0,15.0,12.184369387731559,14.815630612268441,-0.7610011298455415,-0.8122650382328154
13.0,14.0,12.797108008976805,13.797108008976805,-1.0390511305425871,-0.8473230916461594
12.0,13.0,11.711443197577859,13.0,-0.09407524495176922,-0.1015278869933996
11.0,13.0,11.155707210098656,13.0,-0.1199025412728852,0.1252934927644611
12.0,13.0,11.818496998473062,12.818496998473062,1.454822443408242,1.419220437745057
11.0,12.0,11.0,11.70769174137955,1.2586713860501018,0.3616973357458996
11.0,11.0,11.0,10.755792700850423,-1.80991810415956,-1.6955498973942906
11.0,10.0,10.706603329894445,10.0,-1.3415938273523422,-1.1891696191880763
10.0,10.0,10.0,10.265644893650764,-0.8220780192505359,-0.3968371887541714
10.0,11.0,10.217044481288712,10.782955518711288,0.7787087478213575,0.6322221023707172
11.0,10.0,10.837061772546717,10.0,0.10379342824783251,-0.07217890016375784
10.0,10.0,10.224868502119914,10.224868502119914,-0.976200696900269,-0.680709245279137
11.0,11.0,11.0,11.0,0.3378626282672362,-0.11390989507079619
11.0,11.0,11.0,10.764801477085294,-1.4002781400264293,-0.742978783882084
11.0,10.0,11.26257438995759,9.73742561004241,1.3943795304331423,0.6995003274528413
12.0,9.0,12.191481581863533,9.191481581863533,-1.2520293714119157,-1.1648314763496805
13.0,10.0,13.286417395716722,10.286417395716722,-0.7966440846725348,-0.3442022840060476
14.0,11.0,13.795008631058634,11.204991368941366,0.7830148586479644,0.5920080006668285
13.0,12.0,13.266553358790908,12.0,-0.14876514246891273,-0.4671067938464045