0.0,0.0,-0.004428155767839201,4.305617119046099e-05,-0.08862836301868425,-0.08029473232151234
-0.02857142857142857,0.0,-0.028157532019804702,0.008074925366210642,0.11964329140574508,0.4157924911683263
-0.02857142857142857,0.02702702702702703,-0.027960366797407467,0.032230334179421206,0.8423673331547262,0.8440061992948108
-0.02857142857142857,0.05405405405405406,-0.02110082403059965,0.06265893022540456,-0.07458074880170276,-0.11006110935821092
0.0,0.08108108108108109,0.00016763864752702935,0.08783691655923047,-0.10252580022516315,-0.007753530998445434
0.0,0.10810810810810811,-0.006131671765130529,0.10255077051652547,0.2946993211468172,0.32036970135507753
-0.02857142857142857,0.08108108108108109,-0.037000088137398544,0.08909441631910837,0.0652568212144818,-0.12068086768081414
-0.05714285714285714,0.10810810810810811,-0.05673953270404133,0.10876014317425003,-0.4797724280019481,-0.47532108630233066
-0.05714285714285714,0.10810810810810811,-0.050696497989925274,0.10162158009249202,0.04845436536730977,0.050912636855190346
-0.02857142857142857,0.08108108108108109,-0.02852638886944334,0.08081715003028149,0.011611629069281221,0.07618731444587613
-0.02857142857142857,0.08108108108108109,-0.022512892675774488,0.08018727175708247,0.19050497881615536,0.06726535489096601
0.0,0.08108108108108109,0.00026709274172553713,0.08859379651487269,-0.399566951718433,-0.37540976989130215
0.0,0.10810810810810811,-0.00034823750157818496,0.11601653371630223,-0.003025344471447476,-0.08578545461874214
0.0,0.13513513513513514,-0.0058711527472327845,0.13452864226466066,-0.22805331064240658,-0.23459452147484433
-0.02857142857142857,0.13513513513513514,-0.03462852908860293,0.14156390184227335,-0.03236426205652429,-0.13963814735528945
-0.05714285714285714,0.16216216216216217,-0.06527803220313179,0.16936646290819732,-0.41875131894754886,-0.4926825452252424
-0.08571428571428572,0.1891891891891892,-0.08086644318651422,0.18903829001366243,-0.26931037365683763,-0.19361414291582177
-0.05714285714285714,0.1891891891891892,-0.05143757798278937,0.18913579507422,0.3601888962366869,0.3881644231562813
-0.02857142857142857,0.1891891891891892,-0.029000709325038707,0.18927193909153328,0.08199399632749903,-0.03908084541243515
-0.02857142857142857,0.1891891891891892,-0.03382850242378745,0.183986604288462,-0.30722461324080047,-0.26897560718274593
-0.05714285714285714,0.16216216216216217,-0.050366518932773975,0.162164903654637,0.1200198559978239,0.1377019447881539
-0.02857142857142857,0.16216216216216217,-0.020727685750674626,0.1695019005000583,0.06967760285730447,0.17628879091362107
0.0,0.1891891891891892,0.0052553692707865375,0.1830451382441869,0.3079351738733646,0.4028464666685626
0.02857142857142857,0.16216216216216217,0.03407812059451253,0.1618246494345883,0.2758862517808028,0.20841201513855045
0.05714285714285714,0.16216216216216217,0.05700734983936838,0.1622075875019247,-0.32573312775843627,-0.26612484888061816
0.05714285714285714,0.16216216216216217,0.05761030390285019,0.1554045043543825,0.23050433480780547,0.11156360755536644
0.05714285714285714,0.13513513513513514,0.04914105095237456,0.1350280791812053,-0.3772884077161446,-0.3641824967976659
0.02857142857142857,0.13513513513513514,0.02422655692289766,0.1395617592743112,-0.020356625221140266,0.06721452947727248
0.0,0.16216216216216217,0.0047902616561547925,0.16648672674908063,0.40677858482724283,0.4580373878459433
0.02857142857142857,0.1891891891891892,0.0355984312701632,0.19622797026708821,0.1753859798792429,0.08425829064591349
0.05714285714285714,0.21621621621621623,0.05158614567637355,0.2170766803973913,-0.25901080937894966,-0.34308261129344975
0.02857142857142857,0.21621621621621623,0.027860233477431287,0.21037268400993817,-0.2624144979624224,-0.23834294944335202
0.02857142857142857,0.1891891891891892,0.022839784647121435,0.18459178251398844,0.12698757771614994,0.016505984245280554
0.0,0.16216216216216217,0.007486297887445407,0.16272689176186442,-0.4719990505989566,-0.4223226880555671
0.02857142857142857,0.16216216216216217,0.03459905323455602,0.15662990963334164,0.06630011903524322,0.21015980931165695
0.05714285714285714,0.13513513513513514,0.050865625479185037,0.13544387865862792,0.4700946571208639,0.4892359534696149
0.02857142857142857,0.13513513513513514,0.03421071527573906,0.13509942382259846,-0.014933703089157379,-0.008632750623989627
0.05714285714285714,0.13513513513513514,0.05730127592648262,0.14083382622416177,0.009899978041920932,0.1105729852181663
0.05714285714285714,0.16216216216216217,0.056673075242901175,0.16873172890918103,0.3481484115574753,0.39961818053005044
0.05714285714285714,0.1891891891891892,0.057882083648635625,0.18934397659703142,0.14140454580559,0.215655763383982
0.05714285714285714,0.1891891891891892,0.05099016917277144,0.1951596107722651,0.25486513157830254,0.2698124120969089
0.02857142857142857,0.21621621621621623,0.03791875299604513,0.20827633821458,0.04255231147300217,0.15782202707785592
0.05714285714285714,0.1891891891891892,0.06470067724173167,0.19702407883845946,0.27974028014198016,0.4302415443817693
0.08571428571428572,0.21621621621621623,0.08606851453116508,0.21582740256397215,0.4652899441382219,0.53570246232624
0.08571428571428572,0.21621621621621623,0.08606252192596779,0.22434654536553128,0.1554681680508984,0.2560585857032685
0.08571428571428572,0.24324324324324326,0.09394124130586716,0.23669560160744055,0.27905323269459636,0.10376855553384796
0.11428571428571428,0.21621621621621623,0.10828549247229811,0.20970678643678928,-0.5277312710834627,-0.66164052371898
0.08571428571428572,0.1891891891891892,0.08593926757140134,0.18931676221098423,-0.44546856300829063,-0.5194721045249288
0.08571428571428572,0.1891891891891892,0.0863475740700639,0.18908795116588473,-0.2078952734119924,-0.23714442830566868
0.08571428571428572,0.1891891891891892,0.09374986366669574,0.18954448801335338,-0.10949093523397008,-0.13003651582344297
0.11428571428571428,0.1891891891891892,0.11440197088231037,0.18977364047416184,-0.06277970280715305,-0.11557314399565027
0.11428571428571428,0.1891891891891892,0.11540869668279617,0.1954854123609485,-0.18106232356531543,-0.2188800635512782
0.11428571428571428,0.21621621621621623,0.1075470871905817,0.21565905890090936,-0.126967018467452,-0.24121757947348854
0.08571428571428572,0.21621621621621623,0.08583654814199428,0.21571078820698844,-0.34315631799652196,-0.4232323997847554
0.08571428571428572,0.21621621621621623,0.09057969631517676,0.22028779352858852,-0.2517867463424818,-0.2043598533600798
0.11428571428571428,0.24324324324324326,0.11564937621204927,0.23684070385890962,0.3486223129162841,0.159329359260274
0.11428571428571428,0.21621621621621623,0.11060265549392287,0.2166461452592465,-0.5393511995254324,-0.5938029150468206
0.08571428571428572,0.21621621621621623,0.09212992519842325,0.21039728810513866,0.0030812571836848633,0.011821651110599105
0.11428571428571428,0.1891891891891892,0.11924167983862076,0.18863614618361751,0.03169048085946603,0.05352999739536997
0.14285714285714285,0.1891891891891892,0.13797884918524264,0.18381771997169105,0.12763922882363177,0.021552086989776422
0.11428571428571428,0.16216216216216217,0.10774639466489595,0.1547021439025036,-0.40660466672444084,-0.42974540654645615
0.08571428571428572,0.13513513513513514,0.0903738212775269,0.1398956936482445,-0.13652368690942712,-0.1795857967782771
0.11428571428571428,0.16216216216216217,0.1147867791232506,0.15590262553760184,-0.1316438465423647,-0.16447746322111473
0.11428571428571428,0.13513513513513514,0.12096812253137759,0.1350430105651762,-0.10996510714889828,-0.14712877065249408
0.14285714285714285,0.13513513513513514,0.14462340591485462,0.12768908472965665,-0.15737990799890175,-0.12591077886483992
0.14285714285714285,0.10810810810810811,0.14330959997806184,0.10159823396824966,0.05846316644559184,0.18705509717938265
0.14285714285714285,0.08108108108108109,0.14349904036216674,0.0815914624339652,0.4285168040827473,0.49667192719598163
0.14285714285714285,0.08108108108108109,0.14325364362807605,0.08102556029141753,0.16264280587021093,0.130990957810127
0.14285714285714285,0.08108108108108109,0.1435919599496762,0.07355903021051702,-0.2425745993224113,-0.042138848166924946
0.14285714285714285,0.05405405405405406,0.13587126170585362,0.06184434966991472,0.5632508133405604,0.5581955566299518
0.11428571428571428,0.08108108108108109,0.10994418263444392,0.08581617605236111,0.08617088857305927,0.09517218997072088
0.08571428571428572,0.10810810810810811,0.09372585193137996,0.11532071970316325,0.012723414877297792,-0.17063039507395905
0.11428571428571428,0.13513513513513514,0.12325548834831349,0.14417885885753115,-0.5196403483697802,-0.6758043282306825
0.14285714285714285,0.16216216216216217,0.14987845905246183,0.1571319981686426,-0.49136390185558226,-0.5241086217349576
0.17142857142857143,0.13513513513513514,0.167164397970696,0.13069513876732705,-0.03971368613103069,-0.020265570088991
0.14285714285714285,0.10810810810810811,0.15107341348852418,0.11469958430438487,0.11917755514862191,0.20223530015436567
0.17142857142857143,0.13513513513513514,0.16486739129767897,0.13483819238200168,0.3032176304903899,0.29477410245657365
0.14285714285714285,0.13513513513513514,0.14878398587454525,0.14001697440890656,-0.001321896663811793,-0.09368336164548867
0.17142857142857143,0.16216216216216217,0.17264438044335678,0.16251365135419826,-0.4070438031493199,-0.4026331464754359
0.17142857142857143,0.16216216216216217,0.17883520704913117,0.16870928143868757,0.023058720551364296,-0.04567605084896583
0.2,0.1891891891891892,0.20093448209586284,0.18927337204542843,-0.17839957574860554,-0.16890300000150615
0.2,0.1891891891891892,0.20161702860374078,0.19753778202474157,0.10142957077576985,0.0945276976135957
0.2,0.21621621621621623,0.20163359746198833,0.21667753966957412,0.013719958605949678,-0.05965290901010502
0.2,0.21621621621621623,0.195742394374872,0.21644790912327702,-0.25818032072987634,-0.10808549502511934
0.17142857142857143,0.21621621621621623,0.16511398797585003,0.22311936412241068,0.7398535201050812,0.6366741284608471
0.14285714285714285,0.24324324324324326,0.13704084661965166,0.24370404462813336,-0.18465582104743877,-0.21115164369575906
0.11428571428571428,0.24324324324324326,0.12335241804928325,0.2505188135959092,-0.11232809154296554,0.03112278484668791
0.14285714285714285,0.2702702702702703,0.1479453440058101,0.2659572894328026,0.3572655653129086,0.32372339799805694
0.17142857142857143,0.24324324324324326,0.171294102756191,0.24233991903661917,-0.3308771722175507,-0.4085200277844619
0.17142857142857143,0.24324324324324326,0.17108619753566232,0.2488152943963475,-0.28375768714410216,-0.27774717310471686
0.17142857142857143,0.2702702702702703,0.17898095083443064,0.2704949448459534,0.0038171752688283605,0.054428322542967304
0.2,0.2702702702702703,0.1956604897240147,0.27013543059289374,0.17487436748377422,0.20648624425555323
0.17142857142857143,0.2702702702702703,0.1725148706810602,0.2644765706093846,0.08221523898997107,0.04057248419141893
0.17142857142857143,0.24324324324324326,0.16666257395966663,0.24878876422521207,-0.18901797703542902,-0.04732741191865271
0.14285714285714285,0.2702702702702703,0.13855274309549687,0.27529398124047616,0.46185144291107555,0.6253033199233726
0.11428571428571428,0.2972972972972973,0.10732413753812177,0.29091108607751026,0.5765459664491114,0.5311091028912491
0.08571428571428572,0.2702702702702703,0.08164707264034331,0.27423946390393283,-0.1348313502846093,-0.1064742768485012
0.05714285714285714,0.2972972972972973,0.056556266512769356,0.3041271755357404,0.19628978303437472,0.32445451449302287
0.05714285714285714,0.32432432432432434,0.049936154782956266,0.3153250057434881,0.4311875569807963,0.475085125966475
0.02857142857142857,0.2972972972972973,0.035878722661216514,0.29736015692739204,0.17221973486006226,0.07761310862237825
0.05714285714285714,0.2972972972972973,0.050699673647713515,0.29047438301340817,-0.29299873672392696,-0.25759532729536677
0.02857142857142857,0.2702702702702703,0.034998709557501194,0.27585363256404627,0.081142059052792,0.2189037104800773
0.05714285714285714,0.2972972972972973,0.05283018396774884,0.2931773212268026,0.4716755101972774,0.5754373023357156
0.02857142857142857,0.2702702702702703,0.023475132258616953,0.2706542980964512,0.3115244621697272,0.33735613141755605
0.0,0.2702702702702703,-0.007985037119090002,0.2626998406163993,-0.013744924514050362,0.08585945222776425
-0.02857142857142857,0.24324324324324326,-0.03515061453535036,0.23816920984815637,0.2700002367684078,0.22589907606041731
-0.05714285714285714,0.21621621621621623,-0.05290642816433975,0.22039385599490147,-0.22890111312101866,-0.23397603345523282
-0.02857142857142857,0.24324324324324326,-0.03678986891261008,0.23636055833923567,0.05730709969363202,0.05134196513392123
-0.05714285714285714,0.21621621621621623,-0.05773308235453579,0.21246301135762113,-0.04801584031000038,-0.05089054128332679
-0.05714285714285714,0.1891891891891892,-0.06258400649422907,0.1894773221178905,0.007947889347805348,0.009810678419125628
-0.08571428571428572,0.1891891891891892,-0.09054270650391912,0.1853571686190384,-0.013094440111278647,-0.03467392113176578
-0.11428571428571428,0.16216216216216217,-0.114896540456345,0.15552599945997655,-0.10244314962007951,-0.15085737587786258
-0.11428571428571428,0.13513513513513514,-0.10925236604237093,0.13534431787616713,-0.18536784715609655,-0.12230000255546417
-0.08571428571428572,0.13513513513513514,-0.0803026140565579,0.12996514017703242,0.27855744411256717,0.3031368327400948
-0.05714285714285714,0.10810810810810811,-0.06414094436786061,0.11535322796056396,0.08080689688362035,0.14173266400681986
-0.08571428571428572,0.13513513513513514,-0.07782803196029463,0.1281687436443543,0.20249397659101365,0.13066810000189213
-0.05714285714285714,0.10810810810810811,-0.05778829881017912,0.10067577039891026,-0.18161683943384743,-0.145669878556902
-0.05714285714285714,0.08108108108108109,-0.057850672007755094,0.08820460288946637,0.08495108519879384,0.07537157666875334
-0.05714285714285714,0.10810810810810811,-0.04984034635521385,0.11593832837788429,-0.02823027244148717,0.059637069219716295
-0.02857142857142857,0.13513513513513514,-0.033289279867360605,0.13902159143933837,0.2389060836672494,0.26149475683890183
-0.05714285714285714,0.16216216216216217,-0.05678037815806674,0.15570498473150415,0.0063979232710171955,0.14836555556474604
-0.05714285714285714,0.13513513513513514,-0.06543283810214168,0.14275650424789388,0.45426978689889635,0.31626291388259203
-0.08571428571428572,0.16216216216216217,-0.09308500867466313,0.15377707599950075,-0.31378518408408707,-0.29035898669519566
-0.11428571428571428,0.13513513513513514,-0.11428519529374559,0.1418755685392702,0.0033719115743613476,-0.007519571911301821
-0.11428571428571428,0.16216216216216217,-0.10912704280119324,0.15554681810287868,-0.03927516198918849,0.017783699168235894
-0.08571428571428572,0.13513513513513514,-0.09155521938578645,0.14009786223970597,0.17112813759941753,0.16409874321260542
-0.11428571428571428,0.16216216216216217,-0.12098804469385334,0.1561579996289473,-0.08577346345923312,-0.06458085320004495
-0.14285714285714285,0.13513513513513514,-0.14289923833032525,0.14042286185290134,0.03670551022662706,0.01751824946708896
-0.14285714285714285,0.16216216216216217,-0.13522321999826079,0.1619116446405122,-0.06935874346772937,-0.06216045693045722
-0.11428571428571428,0.16216216216216217,-0.11435835621769021,0.16825833212822494,0.01705605166292459,0.03158160456533386
-0.11428571428571428,0.1891891891891892,-0.11494214911009995,0.19581951426598,0.042905706647135035,-0.05599017830428406
-0.11428571428571428,0.21621621621621623,-0.11419420914924099,0.2164441982395178,-0.26746357051401753,-0.20737707839943575
-0.11428571428571428,0.21621621621621623,-0.11369827127232883,0.21666973900139616,0.27371953640653984,0.28742426033385454
-0.11428571428571428,0.21621621621621623,-0.10840619669314325,0.21614809421234454,0.03430208164904818,-0.038834708238125244
-0.08571428571428572,0.21621621621621623,-0.09193743304656533,0.21672933646838538,-0.25322225678691634,-0.2909643370076861
-0.11428571428571428,0.21621621621621623,-0.10950293931514427,0.21597577890001,-0.10035130886029892,-0.06260483580549452
-0.08571428571428572,0.21621621621621623,-0.08017691091162335,0.22212313459927538,0.20914850854659617,0.3060889193636272
-0.05714285714285714,0.24324324324324326,-0.05680503390763572,0.24830544304968177,0.32548553616084736,0.25980102190178117
-0.05714285714285714,0.2702702702702703,-0.06206991386446583,0.2741354782031217,-0.3859130228175181,-0.4095659770002756
-0.08571428571428572,0.2972972972972973,-0.08053462025766776,0.2963180598302249,0.03868454434194698,0.16834734485183778
-0.05714285714285714,0.2972972972972973,-0.051323423279124855,0.2917542529830769,0.4155854656589441,0.3305237400424253
-0.02857142857142857,0.2702702702702703,-0.03681471691138374,0.26276216181683393,-0.36529534166868133,-0.4524951372111374
-0.05714285714285714,0.24324324324324326,-0.05274570621711742,0.24679138442960852,-0.3064513718886085,-0.43279598943197584
-0.02857142857142857,0.2702702702702703,-0.023643520101504868,0.2652729291666092,-0.49890853567344656,-0.5145670202316317
0.0,0.24324324324324326,2.4915398035786754e-06,0.2380155477659631,0.10409863681755142,0.17911692050759126
0.0,0.21621621621621623,0.008110466771324886,0.22401819271810633,0.2985246915309735,0.5169472042085349
0.02857142857142857,0.24324324324324326,0.03329289116403815,0.24256177594948883,0.6426189216418099,0.7015311341418624
0.05714285714285714,0.24324324324324326,0.05750269652324543,0.2433891489231259,-0.04572753192266981,-0.006567530250305071
0.05714285714285714,0.24324324324324326,0.0618695435633349,0.24789807756035467,0.1318128218210646,0.14042237256690582
0.08571428571428572,0.2702702702702703,0.08593669102100236,0.2624522919302796,-0.028605499573742185,-0.1311061060717777
0.08571428571428572,0.24324324324324326,0.09489729599068238,0.24964822143204757,-0.3034838650009924,-0.2590871592495523
0.11428571428571428,0.2702702702702703,0.11494374194247858,0.27606294259268593,0.10314546049076259,0.1212897462376228
0.11428571428571428,0.2972972972972973,0.11027206804440841,0.2969772591904315,0.07542954553375814,0.056364059743044335
0.08571428571428572,0.2972972972972973,0.09260266945414525,0.29103577282004617,-0.128563902909755,-0.053111975927108195
0.11428571428571428,0.2702702702702703,0.1067817860686686,0.2773131354625755,0.24378640308417443,0.2962701107918073
0.08571428571428572,0.2972972972972973,0.08577772110668135,0.30216946618710994,0.19276088949743125,0.3396450919414163
0.08571428571428572,0.32432432432432434,0.08141493338992876,0.32032087973397344,0.5763462242598205,0.694189851094669
0.05714285714285714,0.2972972972972973,0.057406519193822114,0.3012580537050111,0.32482994947769234,0.3591869077161436
0.05714285714285714,0.32432432432432434,0.05241432063080275,0.31962809976388956,0.014150054283717505,0.009996112784659273
0.02857142857142857,0.2972972972972973,0.03566781804226461,0.30609360525959584,-0.010526862189731003,0.20334890570265213
0.05714285714285714,0.32432432432432434,0.06431593568785451,0.330652423471463,0.5351999647389137,0.4286350038800403
0.08571428571428572,0.35135135135135137,0.08585733008395821,0.3514753962036707,-0.3725115563205859,-0.4332910460014406
0.08571428571428572,0.35135135135135137,0.08671097600282253,0.35092706543429225,-0.14185908374547082,-0.18654856571866826
0.08571428571428572,0.35135135135135137,0.08657196282987069,0.3512761394702739,-0.1587013699781613,-0.17774925802316482
0.08571428571428572,0.35135135135135137,0.09417441482192113,0.34497568048890165,-0.09828659210131958,-0.013493693068966434
0.11428571428571428,0.32432432432432434,0.12098425057531322,0.33006915099505874,0.28775705951930675,0.2972563047412145
0.14285714285714285,0.35135135135135137,0.13513137104934883,0.35843177046843416,0.035501136659551596,0.061157639391539856
0.11428571428571428,0.3783783783783784,0.10672670802776928,0.38562745489360284,0.07971172565442346,0.029014428443335714
0.08571428571428572,0.40540540540540543,0.08645936220870248,0.4132427081751607,-0.1078567931252939,-0.09330792390683636
0.08571428571428572,0.43243243243243246,0.08706205674573887,0.42553586099416835,0.006533624000573934,-0.004088173459218679
0.08571428571428572,0.40540540540540543,0.0905695648028717,0.409180893762941,-0.02196054953305515,-0.06678193620569677
0.11428571428571428,0.43243243243243246,0.12072570342775718,0.4373558960292476,-0.23290348815807302,-0.23138612503478384
0.14285714285714285,0.4594594594594595,0.13755270515171306,0.4530909077195462,0.05710433880155651,-0.0027946312440146445
0.11428571428571428,0.43243243243243246,0.11540677392806062,0.42791147330750545,-0.19816384775782722,-0.13806232790894987
0.11428571428571428,0.40540540540540543,0.11481449651946092,0.39815301674529063,0.2907368008408043,0.23097249341741463
0.11428571428571428,0.3783783783783784,0.10713024746403514,0.3856429720616449,-0.12177286872009511,-0.24833266668857898
0.08571428571428572,0.40540540540540543,0.08631130288858258,0.40019123466699735,-0.3986270813565823,-0.30997094595852764
0.08571428571428572,0.3783783783783784,0.07837958176216511,0.377823812748042,0.42679402001039635,0.2955817721088755
0.05714285714285714,0.3783783783783784,0.052782044895873445,0.37396269322130693,-0.33142981378235625,-0.2489924285562257
0.02857142857142857,0.35135135135135137,0.020040055836403482,0.35885223270621797,0.594308783857595,0.5621218106252552
0.0,0.3783783783783784,-0.00033907157351562733,0.3784726966368405,0.018644737328977142,0.01887409325917525
0.0,0.3783783783783784,0.004199202966328514,0.38215333740399676,-0.016471550584605463,-0.03738716685133915
0.02857142857142857,0.40540540540540543,0.028174756877659298,0.39770569989782006,-0.08617110316450526,-0.03573422124398961
0.02857142857142857,0.3783783783783784,0.024029657732567232,0.3785582254082582,0.11069455632342654,0.11639366716164096
0.0,0.3783783783783784,-0.006065476260120269,0.3840866027763191,0.006149346300977509,-0.062130471993242536
-0.02857142857142857,0.40540540540540543,-0.03516200363995953,0.4111478117064631,-0.28910433080206677,-0.22127375012585992
-0.05714285714285714,0.43243243243243246,-0.06305563544650018,0.432898715394225,0.2655095443916862,0.056329520668369125
-0.08571428571428572,0.43243243243243246,-0.08617538853242805,0.42606816393098174,-0.6934235593855157,-0.7520189880631236
-0.08571428571428572,0.40540540540540543,-0.0912474949376018,0.4056040387615722,-0.23663881666940292,-0.26250374911082675
-0.11428571428571428,0.40540540540540543,-0.10954257631332183,0.41024515074475193,-0.011864852401095647,0.04057531169298921
-0.08571428571428572,0.43243243243243246,-0.07768776066249729,0.43963852029269196,0.18722502283809278,0.27860122746342025
-0.05714285714285714,0.4594594594594595,-0.0503049305062005,0.45246376749084566,0.26576572347438554,0.32861569769351945
-0.02857142857142857,0.43243243243243246,-0.02407830144793304,0.43208347466658253,0.23114977926598668,0.349741965373113
0.0,0.43243243243243246,0.006923215133573976,0.4395903818477742,0.46379666038708084,0.6222299419220975
0.02857142857142857,0.4594594594594595,0.028425690297965708,0.45937780458905564,0.5278017854707966,0.5851562513879613
0.02857142857142857,0.4594594594594595,0.03591672733592431,0.45930779531314647,0.039960893926359875,0.19175664789287505
0.05714285714285714,0.4594594594594595,0.05688735190951794,0.45991582617240273,0.4748445177032584,0.6895749941136774
0.05714285714285714,0.4594594594594595,0.06545756242215675,0.45947857575845746,0.7696007802973337,0.5650373511405369
0.08571428571428572,0.4594594594594595,0.07787595520620243,0.46684590015538086,-0.461763577055875,-0.42815271085721396
0.05714285714285714,0.4864864864864865,0.056873227587842655,0.47890351832851563,0.02984648482095249,0.08588186735181723
0.05714285714285714,0.4594594594594595,0.05789803827256547,0.466690666451753,0.17946326898503742,0.13181749659805966
0.05714285714285714,0.4864864864864865,0.057819613476213574,0.49356939304867503,-0.0791556043746571,-0.12865373555577758
0.05714285714285714,0.5135135135135135,0.06309192872282664,0.5079522323312702,-0.14665332891804203,-0.14194354116402072
0.08571428571428572,0.4864864864864865,0.0920570780829162,0.49183152709165495,0.020598933383277538,0.1356555716449915
0.11428571428571428,0.5135135135135135,0.11061943228384234,0.5174329817028803,0.40750095162147315,0.5161216545172217
0.08571428571428572,0.5405405405405406,0.08597807670353831,0.5399365874433613,0.3445828812626722,0.35399618256506704
0.08571428571428572,0.5405405405405406,0.09365029822195778,0.5475498139864591,0.05367680915639167,0.05520066616645825
0.11428571428571428,0.5675675675675675,0.12190831977363115,0.5606174210041267,0.05542151397192243,0.024565089679116737
0.14285714285714285,0.5405405405405406,0.13725652911545783,0.5338865856353987,-0.034951748483365346,0.09815434010586686
0.11428571428571428,0.5135135135135135,0.11462083048197741,0.521076172937109,0.5162085574626107,0.5942662794292384
0.11428571428571428,0.5405405405405406,0.11504162132821283,0.5454839769131619,0.2974411218309064,0.283168567213865
0.11428571428571428,0.5675675675675675,0.10649813550503658,0.5603450860776222,-0.12452298953553194,-0.24788470429502107
0.08571428571428572,0.5405405405405406,0.08632012446586464,0.5483636466080706,-0.40519121681889453,-0.28524409106934057
0.08571428571428572,0.5675675675675675,0.07991223046695274,0.5739044236988823,0.2589590481135344,0.16628324305703351
0.05714285714285714,0.5945945945945946,0.06546695277293604,0.5933329494416005,-0.2768303226920779,-0.29279837772563355
0.08571428571428572,0.5945945945945946,0.08560430065011708,0.5889200547879803,-0.09157094588460117,-0.0940086697673399
0.08571428571428572,0.5675675675675675,0.09398833092324885,0.5684840583345835,0.005041541390952654,0.02165609639646912
0.11428571428571428,0.5675675675675675,0.12127322842620825,0.5679207750885836,0.01327194822460474,-0.005114784603226888
0.14285714285714285,0.5675675675675675,0.13841640346646045,0.5673840658510232,-0.047217130294327975,-0.03669666549309421
0.11428571428571428,0.5675675675675675,0.11490117871368577,0.56746677746353,0.06134920972171421,0.19042130349073566
0.11428571428571428,0.5675675675675675,0.10846888552697344,0.573543117573878,0.3865190574129206,0.3871354436172322
0.08571428571428572,0.5945945945945946,0.07955103764476254,0.6013168516099385,0.009881656317875777,-0.04868896750947049
0.05714285714285714,0.6216216216216216,0.06272101723165711,0.6151231794628775,-0.17610405267984086,-0.14900180289036882
0.08571428571428572,0.5945945945945946,0.0861120502199723,0.5985421769450991,0.10141792453823978,0.06928770429626942
0.08571428571428572,0.6216216216216216,0.08034700424505405,0.6270887494960107,-0.21796983432836448,-0.34064531720678026
0.05714285714285714,0.6486486486486487,0.06586880156054783,0.6399617175808913,-0.396664868596493,-0.5313141802626246
0.08571428571428572,0.6216216216216216,0.09453606988017775,0.6142848911966753,-0.4418388077920164,-0.44294438787007095
0.11428571428571428,0.5945945945945946,0.11029105065735893,0.5900865264810986,-0.04654823708484329,-0.06880233050205933
0.08571428571428572,0.5675675675675675,0.09381529474250452,0.5676832471604972,-0.06771445363021365,0.027680981121708637
0.11428571428571428,0.5675675675675675,0.10893005755742433,0.5621372633590501,0.23117687485718047,0.22687480463440812
0.08571428571428572,0.5405405405405406,0.08020128883500086,0.5349887405958624,-0.09657180024171369,-0.0876837935639989
0.05714285714285714,0.5135135135135135,0.05752379406555572,0.5133210960639565,0.03399527496285426,-0.04284302069980607
0.05714285714285714,0.5135135135135135,0.06242308546025932,0.5179959274815914,-0.2656786791664631,-0.23952548892748718
0.08571428571428572,0.5405405405405406,0.07712157442396383,0.5321414505995711,0.19880084641481413,0.15200408226127124
0.05714285714285714,0.5135135135135135,0.05789203227068941,0.519802725191304,-0.08318911774032031,-0.06502414290337488
0.05714285714285714,0.5405405405405406,0.04945834095447251,0.5479135410544342,0.08450820679609038,0.014260336526713874
0.02857142857142857,0.5675675675675675,0.019524183732792612,0.5585303903274166,-0.1782767727194419,0.04842920769127326
0.0,0.5405405405405406,-2.6413588074110004e-05,0.540042876076012,0.6010887949113556,0.5950458689207281
0.0,0.5405405405405406,0.0077673918133736135,0.5399088584071731,-0.056887026426084494,-0.25166069566042504
0.02857142857142857,0.5405405405405406,0.02801477938458107,0.5350493992048915,-0.6062429408930374,-0.664757161546156
0.02857142857142857,0.5135135135135135,0.028620135115962585,0.5179205750439485,-0.007927354873976339,-0.09965176835478777
0.02857142857142857,0.5405405405405406,0.02109187962365638,0.5416197177066552,-0.35336912898665374,-0.4395049163183272
0.0,0.5405405405405406,0.000451168643320718,0.5466096009314684,-0.32195691631207135,-0.14336935464795922
0.0,0.5675675675675675,0.0001011246979124172,0.5671789739832372,0.6528123139955868,0.5940339207339711
0.0,0.5675675675675675,0.0065151425854480536,0.5755889734435056,-0.08776624576369098,-0.1714043409180121
0.02857142857142857,0.5945945945945946,0.021127284204209337,0.5940240953738841,-0.22036184874909318,-0.15915856171377904
0.0,0.5945945945945946,0.0003317695164444709,0.5893536694364745,0.16961359084167044,0.20489873360009217
0.0,0.5675675675675675,-0.00013415565707224173,0.5739381207615802,0.12084315292253327,-0.013690399615852653
0.0,0.5945945945945946,-0.007398276403809239,0.6007955525618454,-0.4036385047504964,-0.3526634231172395
-0.02857142857142857,0.6216216216216216,-0.033193575010173955,0.6215108530626888,0.0560976561811814,0.03819784077454405
-0.05714285714285714,0.6216216216216216,-0.06305481046124872,0.6270948545275952,-0.1325348112341857,-0.20923682945492486
-0.08571428571428572,0.6486486486486487,-0.08061036142931732,0.6482961545395649,-0.2979429756830916,-0.35695992182436154
-0.05714285714285714,0.6486486486486487,-0.058012980417621124,0.6478087544685688,-0.19156494637036375,-0.27460385680131705
-0.05714285714285714,0.6486486486486487,-0.057508899678374935,0.6488394643567191,-0.2822774604496699,-0.3890459753681935
-0.05714285714285714,0.6486486486486487,-0.06154529611073861,0.643872824258893,-0.374668877414662,-0.35324924679203096
-0.08571428571428572,0.6216216216216216,-0.08029211350536163,0.6154544064823726,0.26483664742521745,0.15321354161135453
-0.05714285714285714,0.5945945945945946,-0.05171952628121337,0.6007252726443443,-0.4356914327329133,-0.4666004473119187
-0.02857142857142857,0.6216216216216216,-0.03359906997242877,0.6216944861583416,-0.06616939032806352,-0.07578206656506055
-0.05714285714285714,0.6216216216216216,-0.05853766944832504,0.6142109851242925,-0.012567405220589732,-0.020437592337274105
-0.05714285714285714,0.5945945945945946,-0.05126648300433889,0.5997778826398821,-0.014884252537930675,0.029285024566508364
-0.02857142857142857,0.6216216216216216,-0.02316017421659606,0.6260132649877974,0.15905204106122142,0.2364016769594153
0.0,0.6486486486486487,-2.6170114016050482e-05,0.6542896909790991,0.2915817770431591,0.28073420203699223
0.0,0.6756756756756757,-0.00426360481761757,0.6801796788861021,-0.06468281575658592,-0.10024172889185883
-0.02857142857142857,0.7027027027027027,-0.03394328801981113,0.703251299267606,-0.1291854434452689,-0.10955943259234215
-0.05714285714285714,0.7027027027027027,-0.057147850139250174,0.6978192573221367,0.10832551894459617,0.12974034159902964
-0.05714285714285714,0.6756756756756757,-0.05807304277097886,0.6682331982684462,0.05968954195275059,-0.035636346627860624
-0.05714285714285714,0.6486486486486487,-0.058080657635805645,0.6406135436547391,-0.26325977644475235,-0.2037538621923568
-0.05714285714285714,0.6216216216216216,-0.06286513693694007,0.6265538752362002,0.12756275312191687,0.055533593617646926
-0.08571428571428572,0.6486486486486487,-0.08092579581264078,0.6482255703418408,-0.3375463483508853,-0.31543488693781807
-0.05714285714285714,0.6486486486486487,-0.04931806370335372,0.6416648174556724,0.2116717581056785,0.2335903104692911
-0.02857142857142857,0.6216216216216216,-0.035193743785879715,0.615116803114816,0.07535586059491757,0.12169803343113199
-0.05714285714285714,0.5945945945945946,-0.05021049113809474,0.5949001881381798,0.15880451440693988,0.16102156364991782
-0.02857142857142857,0.5945945945945946,-0.028184928424660718,0.5868687509412404,-0.03389638771234435,-0.11535797097242269
-0.02857142857142857,0.5675675675675675,-0.02865231076423482,0.5612408645980371,-0.25293510792800683,-0.45701385871521055
-0.02857142857142857,0.5405405405405406,-0.023828337058750534,0.5447369567987748,-0.68994763127803,-0.7529048591843999
0.0,0.5675675675675675,0.007183489862523302,0.5733059684508465,-0.08298157345873096,0.06323245709685053
0.02857142857142857,0.5945945945945946,0.028457158132718197,0.5901949450976894,0.4546277349848502,0.3535102304366469
0.02857142857142857,0.5675675675675675,0.023357956384571537,0.5621691086248748,-0.6706615901981906,-0.763761086057794
0.0,0.5405405405405406,-0.00016110188089001317,0.5454309928266907,-0.2522823940728487,-0.2658376280860136
0.0,0.5675675675675675,-0.0071054266440916366,0.5613323229711715,0.0015233937958641613,-0.01918392640541684
-0.02857142857142857,0.5405405405405406,-0.028829810944713947,0.5464108347756279,-0.0878702591180204,-0.06108393533885751
-0.02857142857142857,0.5675675675675675,-0.029183198183845783,0.560326835850474,0.0906080568694472,0.10839811251292676
-0.02857142857142857,0.5405405405405406,-0.03673672102506398,0.5474435093060673,0.070019982570705,0.13686951857225949
-0.05714285714285714,0.5675675675675675,-0.05247081141014511,0.5621476847450441,0.20083637586975842,0.2933737768228294
-0.02857142857142857,0.5405405405405406,-0.03538336336157949,0.535479218849005,0.3904204858829839,0.4718650760719068
-0.05714285714285714,0.5135135135135135,-0.050254227686340434,0.5137739994200327,0.23244726552134007,0.28750687087886684
-0.02857142857142857,0.5135135135135135,-0.03557136820389819,0.5082799191084815,0.21274247424709697,0.2153300164685958
-0.05714285714285714,0.4864864864864865,-0.05276931227784833,0.48556009235055847,-0.041503718272205,-0.08945908286527669
-0.02857142857142857,0.4864864864864865,-0.02267964680196264,0.48555046575107297,-0.21682445400376762,-0.2048268395321342
0.0,0.4864864864864865,-0.00790361044403024,0.4788761390398064,0.06679231255772228,-0.06962202012786038
-0.02857142857142857,0.4594594594594595,-0.028601559219574305,0.4594512575074122,-0.4213503636722512,-0.3646082607425758
-0.02857142857142857,0.4594594594594595,-0.029069697266499123,0.4644918847257683,0.1839602407532409,0.20381840122574507
-0.02857142857142857,0.4864864864864865,-0.02921053298242544,0.49049118915988493,0.04604543511497209,-0.0018856393437937928
-0.02857142857142857,0.5135135135135135,-0.03646436508908841,0.5061581384739393,-0.25482812440575003,-0.12873852205633185
-0.05714285714285714,0.4864864864864865,-0.049848265340464146,0.48075532025301104,0.3331392885640021,0.1916162908415597
-0.02857142857142857,0.4594594594594595,-0.022104336393810826,0.45237397673754326,-0.4351937893156001,-0.36324304103326177
0.0,0.43243243243243246,-0.0058516264458856534,0.4313210619533323,0.19367421981025332,0.15356467887531738
-0.02857142857142857,0.43243243243243246,-0.02898473179619753,0.43757114377907175,-0.11020141323835243,-0.08807233127101204
-0.02857142857142857,0.4594594594594595,-0.02879702310618202,0.46423837194413764,0.0715941201431809,0.004764032761740944
-0.02857142857142857,0.4864864864864865,-0.034485776761815044,0.48640357303196197,-0.28170741195326066,-0.20521338111412957
-0.05714285714285714,0.4864864864864865,-0.0497446916664872,0.47915195483201967,0.4081378671145258,0.26997271768601894
-0.02857142857142857,0.4594594594594595,-0.019780794429826176,0.4676540724921371,-0.33600583861562605,-0.3355149702112689
0.0,0.4864864864864865,0.007020980399876299,0.48725343190818615,-0.08979336852636591,0.035545021209510766
0.02857142857142857,0.4864864864864865,0.02792644551407759,0.4803267279886692,0.41874333047783246,0.41556743461460394
0.02857142857142857,0.4594594594594595,0.02889905644067714,0.4642014149981519,0.007016053723846352,0.011892907966904447
0.02857142857142857,0.4864864864864865,0.01986985621078047,0.4782600449001566,0.034530747928367515,0.15782625948456613
0.0,0.4594594594594595,0.00791626943364007,0.4529536760337066,0.33573397273181754,0.26241637777186533
0.02857142857142857,0.43243243243243246,0.027863669759639383,0.43782438347138414,-0.19241107787858458,-0.2670992997758524
0.02857142857142857,0.4594594594594595,0.03672953483806364,0.4586747012455905,-0.2849553999596303,-0.15651596425029662
0.05714285714285714,0.4594594594594595,0.05705934421352879,0.45956621575042644,0.33385161594168394,0.3079031300657972
0.05714285714285714,0.4594594594594595,0.057045532062748865,0.4531603398748065,-0.07009638612520602,-0.12420063024575888
0.05714285714285714,0.43243243243243246,0.0530691969519083,0.4366590290874727,-0.19966969551525818,-0.21483613586484954
0.02857142857142857,0.4594594594594595,0.021201107785636015,0.45971654177510973,0.040475385643648415,-0.06814420904971799
0.0,0.4594594594594595,0.005103565781955945,0.45932858378562874,-0.29342548290778137,-0.231449655841519
0.02857142857142857,0.4594594594594595,0.028578183832516084,0.45876854703211634,0.35309987369906876,0.375782291530918
0.02857142857142857,0.4594594594594595,0.02896141138006958,0.45902736587788723,0.01707754893678215,0.07346211800517659
0.02857142857142857,0.4594594594594595,0.03286787647021762,0.46293620886393677,0.2609223749954862,0.29647021908575666
0.05714285714285714,0.4864864864864865,0.05045112366458619,0.4945563968810619,0.019571680057424018,-0.00737837033192628
0.02857142857142857,0.5135135135135135,0.029441559258655166,0.5208333089704809,-0.12539927369212406,0.0038534153824509626
0.02857142857142857,0.5405405405405406,0.021059966638329247,0.5481965173290773,0.3878532758778671,0.4485284682142138
0.0,0.5675675675675675,-0.005643241274707161,0.5682939992123325,0.24993870827377906,0.11847935500906896
-0.02857142857142857,0.5675675675675675,-0.028387531631513863,0.5669378795170753,-0.4355627373189713,-0.3922151053184187
-0.02857142857142857,0.5675675675675675,-0.02865621384295692,0.5680591997080774,0.042089917831016774,0.21738074577285293
-0.02857142857142857,0.5675675675675675,-0.03484388427602263,0.5677561104236507,0.4511793081282713,0.3820046377987905
-0.05714285714285714,0.5675675675675675,-0.05247950399508267,0.562790761367855,-0.360680612388305,-0.335540851241911
-0.02857142857142857,0.5405405405405406,-0.021964217019221854,0.5466160580538244,0.1869196157419894,0.3306262753031189
0.0,0.5675675675675675,-0.007015790768725484,0.5607305170394333,0.44025627756381874,0.6244128218185973
-0.02857142857142857,0.5405405405405406,-0.02244182377485196,0.5347863926672943,0.5829211975159879,0.5101606793663045
0.0,0.5135135135135135,0.008610207193926085,0.5144589930722244,-0.3733082266581429,-0.3730658680227565
0.02857142857142857,0.5135135135135135,0.03721673587791717,0.5203073455015901,-0.03773987628827678,-0.09028262413239653
0.05714285714285714,0.5405405405405406,0.057484656482541925,0.5455181581399496,-0.13202749629054594,-0.19110203587041175
0.05714285714285714,0.5675675675675675,0.057314648696730267,0.5670126648044762,-0.20053081152927313,-0.22598408334500356
0.05714285714285714,0.5675675675675675,0.0489555481712318,0.5602101285278613,-0.11894613090306054,-0.08375769986251974
0.02857142857142857,0.5405405405405406,0.018958905918191066,0.541160219819372,0.07630466699344737,0.015207100668528829
0.0,0.5405405405405406,-0.006670356502005613,0.5474045639553903,-0.12416523993295694,-0.13661692970185932
-0.02857142857142857,0.5675675675675675,-0.023870189761586016,0.5722956886916483,-0.0325607772257363,0.00408291739370508
0.0,0.5945945945945946,-0.004727095482336162,0.5898716790850298,0.15216876820520508,0.15834305171071822
-0.02857142857142857,0.5675675675675675,-0.034417255366452335,0.5722182036220348,-0.05108342042578344,-0.09840619702880829
-0.05714285714285714,0.5945945945945946,-0.051886325796715795,0.5947040154990546,-0.2021349079921802,-0.17871784185142342
-0.02857142857142857,0.5945945945945946,-0.0362689444426607,0.5947669614716208,0.12126080471939667,-0.008663308802897944
-0.05714285714285714,0.5945945945945946,-0.057886691450510244,0.6014570359561565,-0.4367123290618184,-0.4156067103543544
-0.05714285714285714,0.6216216216216216,-0.05228400244096739,0.6158529534066957,-0.0036430278260532315,-0.07431861500161684
-0.02857142857142857,0.5945945945945946,-0.028787592796446552,0.5946289579083179,-0.262513929816548,-0.4136255871438056
-0.02857142857142857,0.5945945945945946,-0.037774089909843066,0.5856640574979403,-0.5840773106818933,-0.600050518033878
-0.05714285714285714,0.5675675675675675,-0.052109325366460915,0.5731830391465637,-0.12342303739130266,-0.10743799953344768
-0.02857142857142857,0.5945945945945946,-0.03741257787086145,0.6022035233626081,0.08349507327512486,0.06817235044250783
-0.05714285714285714,0.6216216216216216,-0.06336742135320067,0.6208589363948793,-0.037881737406705945,-0.09666660248128578
-0.08571428571428572,0.6216216216216216,-0.08630916853979513,0.6142202036696731,-0.2408067476001831,-0.24371891971236487
-0.08571428571428572,0.5945945945945946,-0.09396284601385123,0.6014560935195029,-0.06374095503989853,0.12703904736577182
-0.11428571428571428,0.6216216216216216,-0.11358753825238406,0.6210472446383701,0.570392365345594,0.5906568747194211
-0.11428571428571428,0.6216216216216216,-0.11043472784582699,0.6172913305809542,0.06824425651220059,0.046001675572932256
-0.08571428571428572,0.5945945945945946,-0.08588505658254596,0.590400318211459,-0.09742907199658524,-0.11074064610278517
-0.08571428571428572,0.5675675675675675,-0.09300753116234044,0.5739973859471048,-0.01522930356139674,0.0010241871533880633
-0.11428571428571428,0.5945945945945946,-0.1194938749383071,0.5898215370097571,0.05727844696191272,0.048608732973610055
-0.14285714285714285,0.5675675675675675,-0.1492705444315493,0.5725370615792047,-0.09387327998306985,-0.07835184798059167
-0.17142857142857143,0.5945945945945946,-0.1797902284743372,0.5877991419011074,0.10758318486977787,-0.03433513267697254
-0.2,0.5675675675675675,-0.205919765289105,0.5624390303108598,-0.41764651448124845,-0.4265578578721258
-0.22857142857142856,0.5405405405405406,-0.23047795591405384,0.5394124327565772,0.08116782412982057,0.022436299692869706
-0.22857142857142856,0.5405405405405406,-0.23732577828001677,0.5342613876313873,-0.12261165577296165,-0.10183059359173938
-0.2571428571428571,0.5135135135135135,-0.2631503092808763,0.5084172921164791,0.07855740797671015,0.23394382779763645
-0.2857142857142857,0.4864864864864865,-0.28074005888827597,0.4917194458835104,0.5777912860831782,0.6165170256009769
-0.2571428571428571,0.5135135135135135,-0.25025034605139945,0.5205033400972587,0.09987651997105722,0.07580460660752152
-0.22857142857142856,0.5405405405405406,-0.22135858350869092,0.5326486053538774,-0.061700324342617435,-0.043681203541410724
-0.2,0.5135135135135135,-0.19593891865648094,0.5182127926493418,0.017859556703842244,0.05403899866200248
-0.17142857142857143,0.5405405405405406,-0.16715440383187705,0.5409894485844493,0.13837534833385706,0.09924516031327651
-0.14285714285714285,0.5405405405405406,-0.13629663755515606,0.5473015957245874,-0.16297647426048886,-0.017001340512351946
-0.11428571428571428,0.5675675675675675,-0.11469149817330258,0.5611676302201358,0.38474513284445666,0.4827281197153225
-0.11428571428571428,0.5405405405405406,-0.1074203954123941,0.5337859812858222,0.32938246672252325,0.390605439944116
-0.08571428571428572,0.5135135135135135,-0.09269793710479392,0.5200727819533424,0.2241865592951651,0.2949323793845613
-0.11428571428571428,0.5405405405405406,-0.11386121395328873,0.5407172141461993,0.278431835932734,0.2633410187010606
-0.11428571428571428,0.5405405405405406,-0.10991904828985566,0.536616576138134,0.02059575594473513,0.0007251779297558804
-0.08571428571428572,0.5135135135135135,-0.0786610479172946,0.5139219424505572,-0.11400032241233911,0.055530784754994955
-0.05714285714285714,0.5135135135135135,-0.05747259185695329,0.5138580666402152,0.5130765928977342,0.4370048766057953
-0.05714285714285714,0.5135135135135135,-0.06274036970675571,0.5132693285106958,-0.523083484878518,-0.48009609433821204
-0.08571428571428572,0.5135135135135135,-0.08507217101742603,0.5063224848919251,0.2509353425198549,0.17054499406891077
-0.08571428571428572,0.4864864864864865,-0.08043055936078902,0.48074232713711734,-0.2738271121982834,-0.23047118653907833
-0.05714285714285714,0.4594594594594595,-0.050871016687031645,0.4521360962929294,0.19223428202194687,0.1135654256062425
-0.02857142857142857,0.43243243243243246,-0.020363829349002913,0.43194111758158166,-0.20667771954324057,-0.08915850580987085
0.0,0.43243243243243246,-0.006266963615900184,0.4322107079804449,0.29991391548612245,0.28208819031379384
-0.02857142857142857,0.43243243243243246,-0.037864752716443045,0.4386430187403477,-0.1373676758763438,0.018570685286993845
-0.05714285714285714,0.4594594594594595,-0.06627852009014151,0.46760971496800063,0.4311659747507614,0.41028430150943557
-0.08571428571428572,0.4864864864864865,-0.07877093243543078,0.4809042507957733,0.026866673154751584,-0.0606440668291879
-0.05714285714285714,0.4594594594594595,-0.051480405680445804,0.45942749154597656,-0.25267958258020295,-0.30363135807485797
-0.02857142857142857,0.4594594594594595,-0.028891691748743255,0.4553549560934805,-0.17339058278230784,-0.23550011303277166
-0.02857142857142857,0.43243243243243246,-0.028588915016693812,0.4265755895517976,-0.1881776068522966,-0.14683062914134365
-0.02857142857142857,0.40540540540540543,-0.03426760652531667,0.41058529923921244,0.13918898038997732,0.14019481019471494
-0.05714285714285714,0.43243243243243246,-0.06393736544666494,0.42564915590452,-0.01353529225056034,-0.11227421798002474
-0.08571428571428572,0.40540540540540543,-0.09308805862524724,0.4056036475839189,-0.2994139853126808,-0.3671960877952079
-0.11428571428571428,0.40540540540540543,-0.12158153385503186,0.4114893142706373,-0.23647648989412512,-0.325600328918121
-0.14285714285714285,0.43243243243243246,-0.1502277708534381,0.4322929751746778,-0.3047782200919401,-0.26726453795136096
-0.17142857142857143,0.43243243243243246,-0.16380661675007283,0.42344158382230745,0.12869994179666738,0.06068921349840084
-0.14285714285714285,0.40540540540540543,-0.14343194104435036,0.39855650490012157,-0.1255226540073233,-0.17111253432705661
-0.14285714285714285,0.3783783783783784,-0.13780036436654625,0.373077084145814,-0.1515203407648223,-0.14045221172626107
-0.11428571428571428,0.35135135135135137,-0.12268967517306587,0.34397509640674234,0.10248082594918673,0.19129601703146568
-0.14285714285714285,0.32432432432432434,-0.14363226613299196,0.32458233228468913,0.3032888584326386,0.29643631234774215
-0.14285714285714285,0.32432432432432434,-0.13678088829112028,0.31696823007611524,-0.056014004366556194,-0.21899899976610987
-0.11428571428571428,0.2972972972972973,-0.1150665712043654,0.30146274614546037,-0.4923692474395222,-0.5100168467435776
-0.11428571428571428,0.32432432432432434,-0.10790604001580985,0.3187691376131811,0.15790834707826806,0.19570723157829173
-0.08571428571428572,0.2972972972972973,-0.08587966309868553,0.29717788681280477,0.15119197295029393,0.18189920210361948
-0.08571428571428572,0.2972972972972973,-0.09192842789077264,0.2973020266209385,0.04290212576654734,0.1529144693680928
-0.11428571428571428,0.2972972972972973,-0.11514440297058756,0.29717087398843745,0.4498846014700247,0.5610810362337785
-0.11428571428571428,0.2972972972972973,-0.10838964308381416,0.2906918985446714,0.37676225364182125,0.4547132360491024
-0.08571428571428572,0.2702702702702703,-0.0861434094542576,0.27691298862058294,0.25007250309513596,0.10950863604222556
-0.08571428571428572,0.2972972972972973,-0.09438420940004401,0.289385605070098,-0.38782599270884777,-0.4603150634671821
-0.11428571428571428,0.2702702702702703,-0.10980713587347374,0.2742009939729597,-0.24633198973264733,-0.22668452492979232
-0.08571428571428572,0.2972972972972973,-0.08640692401928028,0.3048230473912738,0.13497478428674217,-0.010924814953991807
-0.08571428571428572,0.32432432432432434,-0.07986616105517136,0.3306889543549292,-0.35867698219968613,-0.3611502723225075
-0.05714285714285714,0.35135135135135137,-0.05748857920364063,0.3458643940925575,0.001994246041899753,0.11598773640742635
-0.05714285714285714,0.32432432432432434,-0.05735521562350249,0.3245128064270245,0.4196492264508421,0.4262277887018997
-0.05714285714285714,0.32432432432432434,-0.06156793931579505,0.3198556085353305,-0.07984996146687132,-0.08961259296065992
-0.08571428571428572,0.2972972972972973,-0.09272869733110592,0.3056224191591698,-0.004803834746192588,-0.03812815917969922
-0.11428571428571428,0.32432432432432434,-0.11442776260412264,0.3247145634662313,-0.08228220590357926,-0.10729601612762503
-0.11428571428571428,0.32432432432432434,-0.11519626904948484,0.3190107824948261,-0.08106648332482577,-0.01998655898432412
-0.11428571428571428,0.2972972972972973,-0.10822783919545069,0.2918650835858976,0.31023316668954093,0.32647350989024954
-0.08571428571428572,0.2702702702702703,-0.07933615241969799,0.2641434256979317,0.02937374640935019,0.05547907594854033
-0.05714285714285714,0.24324324324324326,-0.06570031779900118,0.24355983115302163,0.07973318318394468,-0.10530078169381009
-0.08571428571428572,0.24324324324324326,-0.09124224762073604,0.24301560900483993,-0.4604568618478434,-0.45546906730500375
-0.11428571428571428,0.24324324324324326,-0.12197582814221572,0.25059456786848605,0.06187104449922458,0.022024314808000173
-0.14285714285714285,0.2702702702702703,-0.13542401259185857,0.2765969712951344,-0.12989622950688257,-0.1649557436295467
-0.11428571428571428,0.2972972972972973,-0.10705767822376969,0.2907311382149385,-0.1530403501974123,-0.029616785622840716
-0.08571428571428572,0.2702702702702703,-0.0818579750057606,0.2658199446108942,0.333735781463566,0.4221776064389318
-0.05714285714285714,0.24324324324324326,-0.06514988884784892,0.23755434850949447,0.2847072366117014,0.3706211461945363
-0.08571428571428572,0.21621621621621623,-0.085426843421596,0.21520303761993798,0.3175425750923314,0.1755319902212038
-0.08571428571428572,0.21621621621621623,-0.08664062377844256,0.21078429608274818,-0.3820185154790032,-0.3875677163254463
-0.08571428571428572,0.1891891891891892,-0.0810596262183953,0.1941384537260839,0.028473666069021925,-0.01116914966053932
-0.05714285714285714,0.21621621621621623,-0.057088427053643254,0.21138271713672954,-0.16205498204672633,-0.240678510574931
-0.05714285714285714,0.1891891891891892,-0.050687619232994606,0.18951943394433707,-0.2828034029176911,-0.35825510332304145
-0.02857142857142857,0.1891891891891892,-0.022209302850654065,0.18268940906839998,-0.2619794484496547,-0.20543923460037206
0.0,0.16216216216216217,0.007054344655363669,0.1552544034183978,0.2357479708062311,0.28869080989197843
0.02857142857142857,0.13513513513513514,0.034225590653376714,0.14135992703145936,0.1570903109278249,0.21867918048791832
0.05714285714285714,0.16216216216216217,0.05819101186192024,0.16714353820043315,0.26226095635377444,0.24017820935580744
0.05714285714285714,0.1891891891891892,0.05722147426425538,0.1889502200216155,-0.10356558521640849,-0.15247216082383935
0.05714285714285714,0.1891891891891892,0.05708218764518128,0.1898774782267628,-0.21880007645386143,-0.09544418930975539
0.05714285714285714,0.1891891891891892,0.051584672484507654,0.18923315891679474,0.28158705934157136,0.3948742828824558
0.02857142857142857,0.1891891891891892,0.035246373122490904,0.19642688535748937,0.3478924873863213,0.3620120951150053
0.05714285714285714,0.21621621621621623,0.05158277154965011,0.21572672945615837,0.08666443666034136,0.014444708817540057
0.02857142857142857,0.21621621621621623,0.022312438324911234,0.21670208928870854,-0.1746259858449109,-0.255646669617031
0.0,0.21621621621621623,0.004944717641359236,0.2211834332784577,-0.2625613881765341,-0.3368553937811618
0.02857142857142857,0.24324324324324326,0.024296684752017992,0.2471508715908282,-0.2281093526845825,-0.2425878114877311
0.0,0.2702702702702703,0.007118426515886167,0.27713959126921067,-0.017802080119695377,-0.14296789947524366
0.02857142857142857,0.2972972972972973,0.02896609339812001,0.29024274077462187,-0.35978359192522064,-0.24797324722689953
0.02857142857142857,0.2702702702702703,0.021600627216569163,0.27105919427230407,0.3056702659130046,0.16570737741497452
0.0,0.2702702702702703,0.00018826340365977895,0.2704516327291792,-0.3981248067971457,-0.3394922576562248
0.0,0.2702702702702703,-0.00024140821241915047,0.27736004901762196,0.076260129165131,0.020644849243842394
0.0,0.2972972972972973,-0.006030227643633834,0.2919331168966319,-0.15665517422854303,-0.23422914673897746
-0.02857142857142857,0.2702702702702703,-0.02299032385857335,0.2703958510919492,-0.28435153611116737,-0.25670122735820994
0.0,0.2702702702702703,0.005403319040323004,0.264077692760335,0.16561787348526671,0.2480668326310719
0.02857142857142857,0.24324324324324326,0.023238568587217286,0.24816949219679388,0.31505723113147366,0.22670144160252198
0.0,0.2702702702702703,8.874374727762036e-05,0.2703487425786618,-0.4388536748113163,-0.17188416741706294
0.0,0.2702702702702703,-0.0009512761056421955,0.2777112788210279,0.7332581602508685,0.6684369005949935
