-1.0,-1.0,-0.986674819015771,-0.7944478058426304,0.4479304903900452,0.16161076610948943
-1.0,0.0,-1.2296100794451073,-0.01103811760318496,-1.0175474704006144,-0.759016116849617
-2.0,0.0,-1.820383775781175,0.18261139591960474,0.13908168459831804,-0.14691818910923404
-1.0,1.0,-1.3112263331250782,1.2954913435265603,-1.508346921145763,-1.0013279826607389
-2.0,2.0,-2.182359821518538,1.791393701220362,0.29973561290463047,0.06881827332014656
-3.0,1.0,-3.003118163057941,0.7054219902471797,-0.8477415468863345,-0.85062141552043
-3.0,0.0,-3.1816828462530493,0.20536437946559727,-0.9284821146885149,-1.1227689821767795
-4.0,1.0,-4.021497277699272,1.0374733805661966,-1.980201905583475,-1.9798136815512208
-4.0,1.0,-4.008574181950735,1.2149444503841278,-1.980201905583475,-1.5736651831055073
-4.0,1.0,-4.021497277699272,1.0374733805661966,-2.0133778799626407,-1.9798136815512208
-4.0,1.0,-4.008574181950735,1.2149444503841278,-2.0133778799626407,-1.5736651831055073
-4.0,2.0,-3.813295041523592,2.0052270887067505,0.10156482480438034,-0.29605355711366454
-3.0,2.0,-3.203488551054766,2.1775975812393598,-2.0997144625630932,-1.9289858711613967
-4.0,3.0,-3.794536794663974,3.2105871870033686,-1.3907227518983536,-1.081999650359415
-3.0,4.0,-3.0064546160848726,4.254762906655404,0.045769045033392075,-0.6356803761320915
-3.0,5.0,-2.9876052329463034,5.297104313468431,-2.5902212353506937,-2.274704599682419
-3.0,6.0,-2.986492842327549,6.147263178811507,-1.4468547574402755,-1.588373296461877
-3.0,7.0,-3.022318150332015,6.98996529984666,-2.3901190599416537,-2.244477179469494
-3.0,7.0,-2.7738668592378017,6.990894627992129,-2.3901190599416537,-2.1111087880419377
-3.0,7.0,-2.7345798511040194,7.230456964888855,-1.6538894464981801,-1.3255413849128719
-3.0,7.0,-2.7738668592378017,6.990894627992129,-1.6538894464981801,-2.1111087880419377
-3.0,7.0,-3.022318150332015,6.98996529984666,-1.6538894464981801,-2.244477179469494
-2.0,8.0,-2.1653473589558434,8.005790837868249,-0.24861246200282683,-0.37610414284334914
-2.0,8.0,-2.225157170714936,8.208396593236282,-0.24861246200282683,0.08232443189052785
-3.0,8.0,-2.7302550296756154,7.9800866555528085,-1.0569071544653983,-1.0868757639239672
-3.0,8.0,-3.152892200371336,7.996633196223302,-1.0569071544653983,-1.3308246585082615
-3.0,8.0,-2.9914492071443584,8.227907602216506,-1.0569071544653983,-1.3030945004712249
-3.0,8.0,-2.829777892495039,8.148544353894607,-1.0569071544653983,-0.6576631845071885
-4.0,8.0,-3.72499329081467,7.732433555770836,-2.9530246449189703,-2.9323152772871053
-3.0,7.0,-3.022318150332015,6.98996529984666,-2.9616315234974877,-2.244477179469494
-3.0,7.0,-2.7738668592378017,6.990894627992129,-2.9616315234974877,-2.1111087880419377
-2.0,7.0,-2.197226542964063,7.190113135171078,0.77305399725789,0.47161286179673256
-3.0,8.0,-2.829777892495039,8.148544353894607,-0.8414101065756593,-0.6576631845071885
-3.0,8.0,-2.7302550296756154,7.9800866555528085,-0.8414101065756593,-1.0868757639239672
-3.0,8.0,-3.152892200371336,7.996633196223302,-0.8414101065756593,-1.3308246585082615
-3.0,8.0,-2.9914492071443584,8.227907602216506,-0.8414101065756593,-1.3030945004712249
-2.0,9.0,-1.9954128138871647,9.205587212973704,0.20694411243108624,0.40602605687316395
-2.0,9.0,-2.1921859586554673,8.778498328905629,0.20694411243108624,-0.30815334946177453
-2.0,9.0,-1.741202276835178,9.0187329242267,0.20694411243108624,-0.5454498534549739
-2.0,10.0,-1.7776823643472255,9.985610881727984,1.2012548158416294,1.1309462019546457
-2.0,10.0,-1.9965958197941371,9.78948712266579,1.2012548158416294,0.8292675450788431
-2.0,9.0,-1.741202276835178,9.0187329242267,-0.5622839889464895,-0.5454498534549739
-2.0,9.0,-2.1921859586554673,8.778498328905629,-0.5622839889464895,-0.30815334946177453
-3.0,8.0,-2.6915886400120326,8.01729402524312,0.4958908912800919,-0.013492718447571161
-2.0,8.0,-2.1642829598974878,7.838794682449226,-1.2235693180612193,-1.1818741357631357
-3.0,7.0,-3.1888370184032317,6.983823572497297,-0.9450520715460518,-0.8174480714239716
-3.0,7.0,-2.7345798511040194,7.230456964888855,-0.9450520715460518,-1.3255413849128719
-4.0,7.0,-4.023534563431746,7.037786109023951,-0.24593744142253549,0.14771321291792527
-4.0,7.0,-3.75335345177752,7.309390901923701,-0.24593744142253549,0.3592781569775465
-4.0,7.0,-3.75335345177752,7.309390901923701,1.0348085912218146,0.3592781569775465
-4.0,7.0,-4.023534563431746,7.037786109023951,1.0348085912218146,0.14771321291792527
-3.0,8.0,-3.152892200371336,7.996633196223302,-1.4953085837714197,-1.3308246585082615
-3.0,8.0,-2.9914492071443584,8.227907602216506,-1.4953085837714197,-1.3030945004712249
-3.0,8.0,-2.7302550296756154,7.9800866555528085,-1.4953085837714197,-1.0868757639239672
-3.0,9.0,-3.208302936957484,8.984976102567783,-0.826275962162691,-0.6861155320641443
-3.0,9.0,-3.178227338791672,8.988935055956524,-0.826275962162691,-0.5087559161023507
-4.0,9.0,-3.802054914400963,9.22098187231449,-0.21637983949481,-0.2909307068315492
-4.0,9.0,-4.230547798733454,9.21824868701104,-0.21637983949481,-0.5473425149325857
-4.0,9.0,-3.7644952355375496,9.012133643684743,-0.21637983949481,-0.6406406463872774
-3.0,9.0,-2.9743995644315406,8.750400322077953,-2.1800320075835242,-2.0212287794414396
-3.0,8.0,-3.152892200371336,7.996633196223302,-1.5946718413081822,-1.3308246585082615
-3.0,8.0,-2.9914492071443584,8.227907602216506,-1.5946718413081822,-1.3030945004712249
-3.0,8.0,-2.7302550296756154,7.9800866555528085,-1.5946718413081822,-1.0868757639239672
-2.0,8.0,-2.225157170714936,8.208396593236282,0.2582134170959909,0.08232443189052785
-2.0,8.0,-2.1653473589558434,8.005790837868249,0.2582134170959909,-0.37610414284334914
-2.0,8.0,-2.6915886400120326,8.01729402524312,0.2582134170959909,-0.013492718447571161
-3.0,9.0,-3.178227338791672,8.988935055956524,-0.5020609383510698,-0.5087559161023507
-3.0,9.0,-3.208302936957484,8.984976102567783,-0.5020609383510698,-0.6861155320641443
-4.0,9.0,-3.7644952355375496,9.012133643684743,-0.5024704836337661,-0.6406406463872774
-4.0,9.0,-4.230547798733454,9.21824868701104,-0.5024704836337661,-0.5473425149325857
-4.0,9.0,-3.802054914400963,9.22098187231449,-0.5024704836337661,-0.2909307068315492
-5.0,10.0,-4.776497876906761,9.792124017286431,-0.5798140450591918,-0.5094409379359213
-4.0,9.0,-3.802054914400963,9.22098187231449,-0.4123325374350396,-0.2909307068315492
-4.0,9.0,-3.7644952355375496,9.012133643684743,-0.4123325374350396,-0.6406406463872774
-4.0,9.0,-4.230547798733454,9.21824868701104,-0.4123325374350396,-0.5473425149325857
-3.0,10.0,-2.7700641576587275,10.010657169501824,0.21742331541157633,0.1159693240091677
-2.0,10.0,-1.826594553323322,9.824811397116234,-0.20515308439815794,-0.022698670877448368
-1.0,9.0,-0.9599587219459293,9.24448375486433,0.8126926188677064,0.5602297605070892
-1.0,10.0,-0.9861906634917473,10.212908298157815,-0.3241864712939686,-0.33721915771740407
-1.0,10.0,-1.2936447946941518,10.00277517961964,-0.3241864712939686,-0.46062243390419955
-1.0,10.0,-0.7223826482335864,9.743434230181776,-0.3241864712939686,-0.812750283109215
-1.0,11.0,-1.2719707948321552,10.977342664494724,-0.3614102586695691,-0.019492131341076413
-2.0,11.0,-1.8305285842985772,11.199241377443023,0.855998878248392,0.36931240077979144
-1.0,12.0,-1.2789164546772283,12.002136575605144,-1.9261246478320513,-1.774035516907473
-1.0,12.0,-0.756847561956977,12.009351461858824,-1.9261246478320513,-1.4867606174301493
-1.0,12.0,-1.2433081814207676,12.24024477176004,-1.9261246478320513,-1.2271575755374637
-2.0,12.0,-1.7905856137254472,12.295244296842846,-1.38045910659993,-1.2961666756836512
-2.0,12.0,-2.2225237396264035,12.001853743378277,-1.38045910659993,-1.7550202278088896
-1.0,13.0,-1.0023593412619973,12.705329890746718,-0.8619643062864988,-0.28000496766328986
-1.0,12.0,-0.9980353287032369,12.003640598597556,1.1215556258052493,0.3358996658924036
-1.0,12.0,-0.756847561956977,12.009351461858824,-1.561596129828252,-1.4867606174301493
-1.0,12.0,-1.2789164546772283,12.002136575605144,-1.561596129828252,-1.774035516907473
-1.0,12.0,-1.2433081814207676,12.24024477176004,-1.561596129828252,-1.2271575755374637
-1.0,12.0,-1.2155180703187167,11.75985672277588,-1.561596129828252,-0.8253907484190068
0.0,12.0,-0.18271946175894316,11.987948864076234,-1.3118603818151384,-1.3663749061551074
-1.0,12.0,-0.756847561956977,12.009351461858824,-1.6109090942815734,-1.4867606174301493
-1.0,12.0,-1.2789164546772283,12.002136575605144,-1.6109090942815734,-1.774035516907473
-1.0,12.0,-1.2433081814207676,12.24024477176004,-1.6109090942815734,-1.2271575755374637
-2.0,13.0,-1.7582629225601978,12.70945900274512,0.11119143326672898,-0.13205707209565198
-1.0,12.0,-1.2155180703187167,11.75985672277588,-0.7969523068436458,-0.8253907484190068
-1.0,12.0,-1.224419214420162,12.037344073846509,-0.7969523068436458,-0.3737695186476009
-1.0,12.0,-1.2433081814207676,12.24024477176004,-0.7969523068436458,-1.2271575755374637
-1.0,12.0,-0.756847561956977,12.009351461858824,-0.7969523068436458,-1.4867606174301493
-2.0,12.0,-1.9992026202426283,11.993120252506442,0.881087772456874,0.4938811558827243
-2.0,12.0,-1.7905856137254472,12.295244296842846,-1.324171512929962,-1.2961666756836512
-2.0,12.0,-2.2225237396264035,12.001853743378277,-1.324171512929962,-1.7550202278088896
-3.0,12.0,-2.846628752061541,12.005373203152226,-3.2186097592689564,-3.137114794992076
-2.0,12.0,-1.7470735393451877,12.007720618094131,-2.6990551915602463,-2.1644656600508263
-2.0,12.0,-2.2225237396264035,12.001853743378277,-2.6990551915602463,-1.7550202278088896
-1.0,12.0,-1.224419214420162,12.037344073846509,-0.5160558016008595,-0.3737695186476009
-1.0,12.0,-1.2155180703187167,11.75985672277588,-0.5160558016008595,-0.8253907484190068
-2.0,11.0,-2.2137472725832534,11.200594325314006,-1.9780221681146601,-1.7309286301710771
-2.0,11.0,-2.003486974343348,10.791320546860542,-1.9780221681146601,-1.6153997439145227
-3.0,12.0,-2.743719742241349,11.7489288713725,-0.8734431843140756,-0.9948728503711292
-2.0,11.0,-2.003486974343348,10.791320546860542,-1.3648288484653568,-1.6153997439145227
-2.0,11.0,-2.2137472725832534,11.200594325314006,-1.3648288484653568,-1.7309286301710771
-2.0,10.0,-1.975588715695527,9.805855105890428,-2.6222494522693247,-2.23288483724552
-2.0,9.0,-1.741202276835178,9.0187329242267,-0.6011660668158021,-0.5454498534549739
-2.0,9.0,-2.1921859586554673,8.778498328905629,-0.6011660668158021,-0.30815334946177453
-1.0,9.0,-1.0059526647323862,9.219538394755167,-0.39025918089358824,-0.7475804876191481
-1.0,10.0,-0.9951758548781195,9.99248265408484,-1.984700488600698,-1.8759227243131003
-1.0,10.0,-0.7223826482335864,9.743434230181776,-1.2141948194254957,-0.812750283109215
-1.0,10.0,-0.9951758548781195,9.99248265408484,-1.2141948194254957,-1.8759227243131003
-2.0,10.0,-1.7776823643472255,9.985610881727984,1.5151269905113964,1.1309462019546457
-2.0,10.0,-1.9965958197941371,9.78948712266579,1.5151269905113964,0.8292675450788431
-1.0,10.0,-0.9861906634917473,10.212908298157815,-0.3387895558155676,-0.33721915771740407
-1.0,10.0,-1.2936447946941518,10.00277517961964,-0.3387895558155676,-0.46062243390419955
-1.0,10.0,-0.7223826482335864,9.743434230181776,-0.3387895558155676,-0.812750283109215
0.0,9.0,-0.003987293390884772,9.02591433971648,-2.3032819315431823,-2.032048524183123
0.0,9.0,0.2543173374441854,8.71790148722164,-0.8837911828405658,-0.8568205324127263
1.0,8.0,0.9763041356428848,8.234635085369202,-0.791928240485663,-0.7411056614625358
1.0,9.0,1.0005745755673936,9.209624609815908,-0.45208534110461573,-0.7003437514731401
1.0,10.0,0.9879118729030207,9.988350186122412,-1.7389435704400713,-1.4871913058476847
1.0,10.0,1.2396725062772798,10.283490838970852,-0.606902256440979,-0.18541685725648172
2.0,11.0,1.677091989668777,11.29632800030052,0.9537163889427356,0.2510039403474602
1.0,12.0,1.156558439791341,11.81433697167913,-1.5929446289601412,-1.7905407691701896
1.0,12.0,1.182586468151277,12.015614602877449,-1.5929446289601412,-1.182950963837688
2.0,11.0,2.2472294432660225,10.6980320212405,-2.5464281916359863,-2.061344713410407
3.0,10.0,2.7758070127559815,9.773999264640851,-0.935773134702731,-0.8599133168918935
2.0,9.0,1.7358996746481,8.696895506385452,-0.5375873222281187,-0.46652147233093655
2.0,9.0,2.2843229330333865,8.720531006726056,-0.5375873222281187,-0.7059540132876914
3.0,8.0,2.8240043097000544,8.163965850865337,-1.158078080254479,-0.9297568716093692
3.0,8.0,3.2196132886821127,8.253630912720643,-1.158078080254479,-1.0697351611658996
4.0,9.0,3.710930278622394,8.720309878352344,-0.860422207973877,-0.8991542010497956
3.0,8.0,2.8240043097000544,8.163965850865337,-0.9530862443537154,-0.9297568716093692
3.0,8.0,3.2196132886821127,8.253630912720643,-0.9530862443537154,-1.0697351611658996
2.0,9.0,2.2843229330333865,8.720531006726056,-0.8402862230134728,-0.7059540132876914
2.0,9.0,1.7358996746481,8.696895506385452,-0.8402862230134728,-0.46652147233093655
1.0,8.0,0.7827058321810103,8.213195172343765,0.4999598213216574,0.49183286064495335
0.0,9.0,0.3053647719372461,9.273871436838046,0.3569288355915048,0.6264510780927242
1.0,10.0,0.7583077811239656,10.30208947256166,1.213723377527768,1.0068898638064034
0.0,11.0,-0.00744795412271404,10.99336859879515,0.545617492259282,0.26768221276116844
0.0,11.0,0.2406548320599471,11.2806697757896,-1.0739780330900783,-1.040710473190291
1.0,12.0,1.182586468151277,12.015614602877449,-0.950308031452415,-1.182950963837688
2.0,12.0,2.0028172850329606,12.25056439784424,-2.087520197732014,-1.9074506399560136
2.0,13.0,1.9925868184335997,13.169475877328471,-1.3069005279687498,-1.0823537066066635
2.0,14.0,1.8099092470040938,14.17901204062693,-0.012476153689490399,-0.10908519507249825
1.0,15.0,1.0144454819295925,15.196277436132487,-0.45034258415896344,-0.7041354734251803
1.0,15.0,0.7793504118353294,15.00136195250629,-0.45034258415896344,-0.7519005352305966
0.0,15.0,-0.18699016245471267,15.005221934733175,-1.728461848944943,-1.3745516377152793
-1.0,15.0,-0.7799322186849749,15.023448153540667,0.0853375338106237,0.2526711003398876
-1.0,15.0,-1.0230818372177342,15.251546823017453,0.0853375338106237,-0.05627480886261205
-1.0,16.0,-0.9894456433757906,15.722551457511905,-0.6191088132295948,-0.917523890783367
-1.0,15.0,-1.0130874721803955,14.83905651592954,-1.7353782441706582,-1.5000111159253664
-1.0,14.0,-1.0203846938483676,13.851359987222809,-0.2711655813549926,-0.6048636119603297
-1.0,14.0,-1.2040160755449831,14.024252221071164,-0.2711655813549926,0.0924706930111241
-1.0,13.0,-0.9800495068707072,13.25039275783802,-2.340210050608648,-1.7505937084406828
-1.0,14.0,-1.2040160755449831,14.024252221071164,0.2620726733582459,0.0924706930111241
-1.0,14.0,-1.0203846938483676,13.851359987222809,0.2620726733582459,-0.6048636119603297
-2.0,14.0,-1.840158554621829,14.18590041229421,-0.7411340410438341,-0.5753935335596287
-1.0,15.0,-0.7799322186849749,15.023448153540667,0.1879255928224417,0.2526711003398876
-1.0,15.0,-1.0230818372177342,15.251546823017453,0.1879255928224417,-0.05627480886261205
0.0,15.0,0.18541614023403685,15.019662715547486,0.5153376401427658,0.27819008578202875
1.0,15.0,1.0144454819295925,15.196277436132487,-0.5506830531968504,-0.7041354734251803
1.0,15.0,0.7793504118353294,15.00136195250629,-0.5506830531968504,-0.7519005352305966
1.0,16.0,1.1772819389066083,16.021294574047246,-1.2444716949154788,-1.2255049541799818
2.0,16.0,1.8287974825335622,16.167941961781786,-1.123835602392219,-1.053741447938013
1.0,17.0,1.0045285279922997,17.303829248985487,-0.8281774315934608,-1.1203400197069004
1.0,17.0,1.2157290107865202,16.98031528801986,-0.8281774315934608,-1.4045991166282443
1.0,18.0,1.0092189670251006,17.830182743321693,-1.901981875394552,-1.7909339256136059
1.0,17.0,1.2157290107865202,16.98031528801986,-1.2877781186594706,-1.4045991166282443
1.0,17.0,1.0045285279922997,17.303829248985487,-1.2877781186594706,-1.1203400197069004
2.0,17.0,1.7691218634499002,17.20547270977986,-1.8280987726730247,-1.3754760017323007
1.0,18.0,1.022569436854543,18.02033182121969,0.44227854248274157,0.511414577084228
1.0,18.0,0.7504493092214772,17.99490778753445,0.44227854248274157,0.371652564961813
1.0,18.0,1.022569436854543,18.02033182121969,0.6621105732164867,0.511414577084228
1.0,18.0,0.7504493092214772,17.99490778753445,0.6621105732164867,0.371652564961813
0.0,18.0,-0.27456872577899083,17.68120877839801,-0.8208957200819031,-0.567092838634059
-1.0,17.0,-0.9969441088157609,17.276700470056987,0.094823237533876,-0.4262758329273575
-1.0,18.0,-0.7499226686258689,18.29278604081903,-1.8967940302631456,-1.720491147816693
0.0,19.0,0.1879068645056381,19.028721062712957,-1.2198721887573392,-1.261648330565192
1.0,19.0,1.193835444145917,19.00688266251177,-1.3360788571189504,-1.5140324102274354
1.0,19.0,1.187443335912552,19.220102857435407,-1.3360788571189504,-1.341663450703046
2.0,19.0,1.9982097342855152,18.993661220687795,-2.3234107571753313,-2.3699092139286417
2.0,19.0,2.014409621541932,19.14918596044173,-2.3234107571753313,-2.079023603890409
2.0,19.0,2.20623461182283,18.810151507955872,-2.3234107571753313,-2.462398778180935
2.0,19.0,1.9982097342855152,18.993661220687795,-2.5320936001007945,-2.3699092139286417
2.0,19.0,2.20623461182283,18.810151507955872,-2.5320936001007945,-2.462398778180935
2.0,19.0,2.014409621541932,19.14918596044173,-2.5320936001007945,-2.079023603890409
3.0,18.0,3.0130735178270847,18.303854257045213,-2.23950124577864,-1.5828008776053237
3.0,19.0,2.820202692886544,19.158051881254604,0.05119496904113641,0.1898151853210841
2.0,20.0,2.277416763301923,20.035031302929625,0.8705464363012807,1.03827920307896
2.0,20.0,2.2697375589708,19.753304914811142,0.8705464363012807,-0.01015456729371722
3.0,20.0,3.243086333681677,19.97897068998739,1.4534114346768887,1.1247345704643097
3.0,20.0,2.277416763301923,20.035031302929625,1.4534114346768887,1.03827920307896
4.0,20.0,3.7913486224938904,20.00301415626003,0.2849097008167152,-0.07576878501850282
2.0,21.0,1.7361882403756348,20.73708757173425,-3.2815762722075323,-2.9158990935782167
1.0,20.0,0.9786590104231925,19.979862284818417,-1.9228821415831228,-1.573935112269151
1.0,20.0,0.8378701448692869,20.17765685328484,-0.5759624815619528,-0.635655515037324
1.0,20.0,1.0109317150865258,19.73594553764421,-0.5759624815619528,-0.7397453574706903
0.0,21.0,0.1909100599059288,20.790321677485743,-1.0468603034751702,-1.4434459059217222
0.0,21.0,-0.2581839907581269,21.27863456544229,-1.0468603034751702,-0.6606269709725401
1.0,20.0,0.9785126379433924,20.218514791670973,-2.972063053817971,-2.8818237209421715
1.0,21.0,0.9869130639976929,21.131146321289226,-2.628879317605388,-2.519379207859556
1.0,22.0,0.8408455754785729,21.997800518010944,-2.015711085478066,-2.352389946020498
1.0,22.0,0.7312258820537769,21.743087774763275,-2.015711085478066,-1.7294044929303194
1.0,22.0,0.7871180119160668,21.80604314473288,-2.015711085478066,-1.481464301013344
0.0,21.0,-0.14643650658416218,21.019196927514297,0.7009710546185941,0.30439428216358766
-1.0,21.0,-0.8264051484574264,20.831610353988417,-1.71231659970468,-1.7616085253858378
-1.0,21.0,-1.3035797506060718,21.251279574930987,-1.71231659970468,-1.3797231756293307
-2.0,22.0,-2.272024919180316,21.98252549870246,-0.6702504304227329,-0.2887677107390211
-3.0,22.0,-3.1700238443043363,22.19160508735025,0.634006612598869,0.2035146570331854
-3.0,22.0,-3.023279482845532,21.77262066818754,0.634006612598869,0.06554639467393963
-3.0,21.0,-3.229600333971866,21.22143948268387,-1.9112115611117184,-1.5839344731225518
-4.0,22.0,-4.184629909553117,21.993947440666968,-0.5107936033640267,-0.8291457515301406
-4.0,22.0,-3.771593353052499,22.28655127376325,-0.5107936033640267,-0.2240463865081047
-5.0,22.0,-4.837304869592774,21.986714875358064,-2.0756279421496764,-1.7171801377209481
-4.0,22.0,-3.771593353052499,22.28655127376325,-0.10377606187652422,-0.2240463865081047
-4.0,22.0,-4.184629909553117,21.993947440666968,-0.10377606187652422,-0.8291457515301406
-3.0,23.0,-3.207662897234951,23.017260803931816,-0.4269516215098751,-1.0574480104259032
-4.0,23.0,-3.8351003971665985,22.987785553287303,-3.246629319694076,-3.171893742509337
-3.0,23.0,-3.0049989807877484,22.769914355812112,-2.736889424259796,-2.0468275161324896
-3.0,22.0,-3.1700238443043363,22.19160508735025,0.3422058169300597,0.2035146570331854
-3.0,22.0,-3.023279482845532,21.77262066818754,0.3422058169300597,0.06554639467393963
-4.0,23.0,-3.82642754075719,23.16485656944285,-0.420895640821887,-0.2786772511359178
-3.0,24.0,-2.750291761967416,24.29353715289881,0.39588858417190465,0.20451566056138337
-2.0,25.0,-1.6662107478789474,24.97073526829329,-0.33757333256671884,-0.33961985197138456
-1.0,25.0,-1.0109401106750702,24.7941508765734,-0.31173200819347746,-0.47490487627721456
-1.0,25.0,-1.6662107478789474,24.97073526829329,-0.31173200819347746,-0.33961985197138456
-1.0,24.0,-1.239871035368813,24.229995904026108,-1.0923799836681005,-1.0768618308265436
-2.0,25.0,-2.0188815216611156,25.19237631105341,-1.1376617344720994,-1.133582977037548
-2.0,26.0,-1.9902026991962416,26.00289110677082,-1.1947347424718664,-1.5378353977849148
-2.0,26.0,-1.789544897326296,26.229354319923903,-2.638364423385145,-2.436954665740889
-1.0,27.0,-1.2971713862151404,26.97827022637193,-1.7748647285694559,-1.3832866487250848
-2.0,27.0,-1.7848205607955325,27.17956165709314,-0.24727152541356967,-0.5235310424893544
-1.0,28.0,-1.242855220354213,28.00647489853268,-1.5942850023945763,-1.534488995167202
-2.0,28.0,-2.2059982817363193,27.78126729767464,-1.170183683017958,-1.0745776175216226
-3.0,27.0,-2.97328736305359,27.25716946089482,-0.7349453482943358,-0.46973548793109
-3.0,28.0,-3.0233558327353247,27.81515247578044,0.22768194909929096,-0.1571002301221298
-3.0,27.0,-3.2670969476648564,26.701356616042244,-2.078806176303829,-1.735551008669551
-4.0,26.0,-3.989002324308881,26.16970425630371,-0.7801190249670712,-1.1052245675864536
-4.0,27.0,-4.016799919097854,27.174689129227744,-2.8259630614923377,-2.5875979991292275
-4.0,28.0,-4.208486609340758,28.194483062687148,-1.5200695066411973,-1.4592975853524737
-5.0,29.0,-4.764767647123298,29.26103359440864,-1.1602347666019561,-0.9405327101155065
-4.0,30.0,-3.8506805255017373,30.009777380563957,-0.3423767271034013,-0.4777187455679146
-3.0,30.0,-2.9876432605258616,29.739943669648696,-1.220883144063165,-1.5914162845772226
-3.0,29.0,-3.1546329989670783,29.14267611631041,-2.501975753745583,-2.334883240017729
-4.0,30.0,-3.6850669767128976,30.272517998474054,-1.3952005599617845,-1.3430709200236044
-3.0,31.0,-3.2124353724078683,31.009515130889532,-1.257024439602296,-1.5366343324874914
-4.0,31.0,-3.9871771441638777,31.010771660070652,-2.579604720940395,-2.5861400785777846
-4.0,31.0,-4.161400837417223,31.157539210269306,-2.579604720940395,-2.289546312374686
-4.0,31.0,-3.9871771441638777,31.010771660070652,-2.6107072996510574,-2.5861400785777846
-4.0,31.0,-4.161400837417223,31.157539210269306,-2.6107072996510574,-2.289546312374686
-5.0,32.0,-4.817077597243793,32.16607259988618,-0.5281236525306724,-0.3711402750596796
-4.0,33.0,-3.9957477761399334,33.0121826154706,0.38022878661268966,0.3247586597942249
-4.0,33.0,-4.237518666976342,33.29299812204472,0.38022878661268966,-0.29533762390055973
-5.0,34.0,-4.825847211298732,34.154009306085015,-2.1332571041894024,-1.9952080066378162
-4.0,35.0,-3.9912735645249726,34.7854678528712,-1.2914634238081761,-1.7923637686650506
-4.0,34.0,-4.28859143340973,33.750474428131355,-3.8045048140622986,-3.1559200633978595
-5.0,33.0,-4.986844510071931,33.18901234380699,-1.4846902001791067,-1.183136291701018
-5.0,34.0,-4.794378024173248,33.77610579639144,0.02101363034449011,-0.6646243866486425
-4.0,33.0,-3.7787403440441323,33.04184391892463,-3.0353876392600063,-2.3133277569365127
-3.0,33.0,-3.1557759990427607,33.16675276486225,-0.2595154302176901,-0.36476642526332625
-3.0,33.0,-2.7575057712002966,33.25595466728432,-0.2595154302176901,-0.11790129759313317
-4.0,34.0,-3.83903743644994,33.849244094542975,-0.9665627977355074,-0.8896723142306174
-3.0,33.0,-3.1557759990427607,33.16675276486225,-0.43288068323593976,-0.36476642526332625
-3.0,33.0,-2.7575057712002966,33.25595466728432,-0.43288068323593976,-0.11790129759313317
-3.0,33.0,-3.2531189657649326,33.242629380129166,-0.43288068323593976,-1.0124667037093789
-4.0,34.0,-4.28859143340973,33.750474428131355,-2.7715090302020453,-3.1559200633978595
-4.0,34.0,-3.9954048360132592,33.85338384033877,-2.7715090302020453,-2.187647138754482
-4.0,33.0,-3.9957477761399334,33.0121826154706,0.6738635836800166,0.3247586597942249
-4.0,33.0,-3.796213049390337,32.7657733423505,-1.4012064518734584,-1.469645266896627
-3.0,32.0,-2.984951149010045,32.20626424590362,-1.799672050346294,-1.454869160321536
-3.0,33.0,-2.7575057712002966,33.25595466728432,0.02570546205034474,-0.11790129759313317
-3.0,33.0,-3.1557759990427607,33.16675276486225,0.02570546205034474,-0.36476642526332625
-2.0,34.0,-1.6969536928997346,34.23099814407876,-0.45225167721186066,-0.535149589993537
-2.0,34.0,-2.1673579844424866,34.012605441394186,-0.45225167721186066,-0.8303093876381971
-2.0,34.0,-2.21580940471483,34.00205909018764,-0.45225167721186066,0.08165840798280022
-3.0,34.0,-2.7757895594346182,34.00990542550188,2.107169090124391,1.4557603601120146
-2.0,34.0,-2.1673579844424866,34.012605441394186,-0.6730813929485335,-0.8303093876381971
-2.0,34.0,-1.6969536928997346,34.23099814407876,-0.6730813929485335,-0.535149589993537
-3.0,34.0,-3.0249382064644443,34.02048220662525,-1.665042118627173,-1.6153583709611472
-3.0,34.0,-2.967732728244092,34.28010602155533,-1.665042118627173,-1.675503189786971
-3.0,34.0,-3.0249382064644443,34.02048220662525,-1.605670482903025,-1.6153583709611472
-3.0,34.0,-2.967732728244092,34.28010602155533,-1.605670482903025,-1.675503189786971
-3.0,35.0,-2.8211025181144165,34.80572092240087,-1.9845647069278387,-1.6628313603981641
-2.0,34.0,-2.21580940471483,34.00205909018764,-0.2731077670122656,0.08165840798280022
-2.0,34.0,-1.6969536928997346,34.23099814407876,-0.2731077670122656,-0.535149589993537
-2.0,34.0,-2.1673579844424866,34.012605441394186,-0.2731077670122656,-0.8303093876381971
-1.0,35.0,-0.7888555069159103,35.00528054590461,-1.2558165257405887,-0.9557466955597264
0.0,35.0,0.22847956131756675,34.73596275585094,-0.16945683830000724,-0.2588824265633173
0.0,35.0,0.24380741318599486,35.225819650414046,-0.16945683830000724,-0.6284376951751132
1.0,34.0,0.7774430605177465,34.30497842395087,-0.4525065106077142,-0.550804873023679
0.0,35.0,-0.2553412072776662,34.766523363870235,-0.9299424635217178,-1.0006075014936218
0.0,35.0,0.24380741318599486,35.225819650414046,-0.9299424635217178,-0.6284376951751132
-1.0,34.0,-0.8410565594275037,34.17550597061256,-1.1357983582463262,-1.071529071080266
0.0,35.0,0.24380741318599486,35.225819650414046,-0.7649152928241694,-0.6284376951751132
0.0,35.0,-0.2553412072776662,34.766523363870235,-0.7649152928241694,-1.0006075014936218
1.0,36.0,1.1434681518165508,36.019758777181785,-0.27684518396537106,-0.37098148648915596
2.0,36.0,2.2069235252381576,35.99524706110948,-0.7985769698694833,-1.0420264954866763
3.0,36.0,2.82243976475888,35.988473670549766,-2.107993574546828,-2.148282798175466
2.0,36.0,2.0069714699138226,35.804954805674775,-2.307452853968832,-1.6363137258731126
2.0,35.0,2.255213152166429,34.714193351995526,1.1482613604641658,0.34416507618925296
3.0,34.0,3.1532028238556533,34.15193380667849,-1.942796944052033,-1.8044118471924975
4.0,35.0,4.265697051157035,34.78342258450174,-0.9591742505603593,-0.8293381160569961
5.0,34.0,4.8006186596514215,33.80483946450643,-0.3952545609198277,-0.6644806725014683
4.0,33.0,3.9843523544887534,32.74140508886478,-1.6456075946843565,-1.285991011740018
4.0,32.0,4.001740767269553,32.01600611852094,-0.37043286808324205,-0.6343141491406963
4.0,32.0,3.9969263007218165,31.840015890410506,-1.3438095897436826,-1.1686235360700408
4.0,31.0,4.020316401792588,30.7401340454259,-0.27552252203850724,-0.09068278690468945
4.0,31.0,4.273209949238525,30.68795814288781,-0.27552252203850724,-0.24825361299264137
5.0,30.0,4.820961461935664,30.170346228532065,-0.1634182839981252,-0.19377970931382027
5.0,30.0,4.836657148144951,29.83143503880606,-0.1634182839981252,-0.4111671266833411
5.0,30.0,5.185407935562172,30.194466754512245,-0.1634182839981252,-0.8432997112716706
4.0,31.0,4.020316401792588,30.7401340454259,-0.2919936190707024,-0.09068278690468945
4.0,31.0,4.273209949238525,30.68795814288781,-0.2919936190707024,-0.24825361299264137
4.0,30.0,4.21826037895896,30.24992727778251,0.631556591964775,0.3333527030010759
4.0,30.0,4.245354309741375,29.995488946482865,0.631556591964775,0.0629585398947341
5.0,30.0,4.769465163380787,29.751256489357385,-1.659956308019518,-1.1149248115975716
4.0,29.0,3.6984851983106353,29.277724084426,0.788775024524226,0.4245476221666775
4.0,29.0,4.31673053639807,28.730267210338795,0.788775024524226,0.2519568106995844
3.0,30.0,3.004224205169397,30.21173485053931,-0.5689608286859361,-0.8236703238144389
3.0,30.0,3.2815587303848224,29.71950023838607,-0.5689608286859361,-0.8707847963620186
4.0,29.0,3.8353541812391283,29.15951595363565,-1.6258037270517331,-1.8025859009910272
3.0,30.0,2.9870730012833184,29.96324560866441,-2.7983065442877746,-2.409152103156665
3.0,30.0,3.004224205169397,30.21173485053931,-1.206157098889586,-0.8236703238144389
3.0,31.0,3.2023193545726967,30.81261129092524,0.555306948078419,0.20322774406132882
4.0,30.0,4.016697461723111,30.015454988378742,-1.0810574576091547,-1.0765794839245908
4.0,30.0,4.161104352406967,30.000519297479705,-1.0810574576091547,-0.9281915061049943
4.0,30.0,4.016697461723111,30.015454988378742,-0.9876294199363876,-1.0765794839245908
4.0,30.0,4.161104352406967,30.000519297479705,-0.9876294199363876,-0.9281915061049943
5.0,30.0,4.836657148144951,29.83143503880606,-0.6003476742266112,-0.4111671266833411
5.0,30.0,5.185407935562172,30.194466754512245,-0.6003476742266112,-0.8432997112716706
5.0,30.0,4.820961461935664,30.170346228532065,-0.6003476742266112,-0.19377970931382027
5.0,30.0,4.769465163380787,29.751256489357385,-0.6003476742266112,-1.1149248115975716
7.0,31.0,6.813521915227968,31.0036351087641,2.053507887165726,1.6900295695125784
6.0,31.0,5.734530104714993,31.257231456980143,0.048538845205146064,-0.21630010186875726
5.0,32.0,5.0025447200865365,31.99832180124161,-1.2214660350856057,-1.3375789960263382
5.0,32.0,4.814646010007015,31.821995380074178,-1.2214660350856057,-0.9430594458069345
5.0,32.0,5.219510669720419,32.239319101444266,-1.753886621306674,-1.8987952898955474
5.0,32.0,5.0025447200865365,31.99832180124161,-1.753886621306674,-1.3375789960263382
6.0,33.0,5.831000573045344,32.84475288542724,-2.39624189342525,-2.109309823502851
5.0,32.0,4.814646010007015,31.821995380074178,-0.6007430982921627,-0.9430594458069345
4.0,31.0,4.010443956190455,30.83550884985132,-2.538339141807901,-2.389162470367967
4.0,31.0,3.765606662290967,30.971589731143585,-2.538339141807901,-2.250394515202748
3.0,31.0,3.2102330638602803,30.99995863613277,-1.284154264821018,-1.6274243792210972
4.0,31.0,4.010443956190455,30.83550884985132,-2.890197835821489,-2.389162470367967
4.0,31.0,3.765606662290967,30.971589731143585,-2.890197835821489,-2.250394515202748
4.0,30.0,4.245354309741375,29.995488946482865,0.12295674023920511,0.0629585398947341
4.0,30.0,4.21826037895896,30.24992727778251,0.12295674023920511,0.3333527030010759
5.0,31.0,5.228890812368243,30.76873456984,1.123911062455432,0.7139842692764198
6.0,30.0,5.750572172888351,29.962541115242264,-0.741566581179274,-1.2411826392977954
5.0,30.0,4.980864202444766,29.98662142779919,-2.8198050315298113,-2.418304575691467
5.0,30.0,5.185407935562172,30.194466754512245,-0.6743601844497522,-0.8432997112716706
5.0,30.0,4.836657148144951,29.83143503880606,-0.6743601844497522,-0.4111671266833411
5.0,30.0,4.820961461935664,30.170346228532065,-0.6743601844497522,-0.19377970931382027
5.0,30.0,4.769465163380787,29.751256489357385,-0.6743601844497522,-1.1149248115975716
4.0,29.0,3.6984851983106353,29.277724084426,0.8807280372682815,0.4245476221666775
4.0,29.0,4.31673053639807,28.730267210338795,0.8807280372682815,0.2519568106995844
5.0,28.0,4.992866644349831,27.83030127021538,-1.401804833029351,-1.3920449928550789
5.0,27.0,5.259105692857915,26.748849753709557,-1.3084130264714124,-1.2113379644487692
6.0,26.0,6.004017897807804,25.71599815321864,-1.0306489506518342,-0.7383340051262094
6.0,25.0,5.717973567885051,24.9936386714098,0.07697921047395062,-0.08841107909628276
6.0,25.0,5.712014498593075,24.703870138451336,0.07697921047395062,-0.5728135849870504
5.0,25.0,5.2112393930987375,25.01468741159044,-0.43136141752662904,-0.6727332840239086
6.0,25.0,6.037134492842366,24.99700062118129,-1.7076334627636318,-1.0463902027936158
6.0,25.0,6.019529997706527,25.02447390806728,1.0257228015217543,0.8988586079518637
6.0,25.0,5.717973567885051,24.9936386714098,0.19062455474621864,-0.08841107909628276
6.0,25.0,6.019529997706527,25.02447390806728,0.19062455474621864,0.8988586079518637
5.0,24.0,4.77184206133934,23.798307766322427,-2.8595000209660446,-2.7442986178994326
4.0,23.0,4.19760111714201,23.149878314626296,-2.2360513986461714,-2.003380343772186
5.0,24.0,5.2253414080423966,24.013738283179016,-1.0708511207460645,-0.9538358948317462
6.0,24.0,6.006772357659375,23.857757337270264,-0.62238373308865,-0.7641266243016701
6.0,24.0,6.006849237980641,23.714089685507822,-0.62238373308865,-0.17760854607603416
6.0,24.0,6.193726657105346,23.810226803309693,-0.62238373308865,-1.114487869574462
6.0,23.0,6.282544429143242,23.269971833162035,0.9632133496310549,0.9878638048389361
6.0,23.0,5.764753568914204,23.01214457389791,0.9632133496310549,0.5430317719044666
5.0,23.0,5.216366758526844,23.22140070190789,-0.8478099962574165,-0.9058037680025353
6.0,24.0,6.193726657105346,23.810226803309693,-1.1055949013541333,-1.114487869574462
6.0,24.0,6.006772357659375,23.857757337270264,-1.1055949013541333,-0.7641266243016701
7.0,23.0,6.831683551436985,22.854900725937675,-1.0142218562916228,-0.7591414937309169
7.0,23.0,6.796166510720991,22.98918065878013,-1.0142218562916228,-0.46661796846533377
6.0,22.0,6.268563059560352,21.71075632288871,0.3787459082470612,0.4354843013711449
7.0,21.0,7.2985300126771335,21.320317497345787,0.6089242959844334,-0.2337423391317458
8.0,22.0,8.192717889567012,21.968124189287305,-2.518300407935409,-2.2433314925553036
9.0,22.0,9.278577286069943,22.019843567976544,-1.363654825157601,-1.574163037222378
9.0,22.0,8.775247397952716,21.77161471070383,-1.363654825157601,-1.6334786187372203
10.0,22.0,9.986037101942149,21.81539189964944,-2.353283441340798,-2.430232564239419
10.0,22.0,9.843294651174032,22.19297945266796,-2.353283441340798,-2.0992181538424495
10.0,22.0,10.204106835472396,21.802905930484368,-2.353283441340798,-2.782326462808112
10.0,21.0,10.000029865601231,21.21236398565985,-2.705510569792417,-2.1626311803348
10.0,22.0,9.792051462246928,22.19825003930357,-0.19490163710190078,-0.17292543342855005
10.0,22.0,10.014018972051694,21.78713372249996,-0.19490163710190078,-0.42034792862218084
10.0,22.0,10.345345949315393,22.044970946332704,-0.19490163710190078,-0.823689683279279
9.0,23.0,8.834332870443207,23.022770861064743,-0.08019998799697281,-0.26153576800997314
9.0,23.0,9.27926887390722,22.98507356211086,-0.08019998799697281,-0.15282761246038934
8.0,23.0,8.242123072781675,23.00590918039295,-1.0544036885335508,-1.101888946243051
9.0,23.0,9.0132515907706,22.818816269516372,-1.31477650331248,-1.1266241291363093
9.0,22.0,9.16299433065836,21.842189016611258,-0.24432157151898515,-0.31133153028823923
10.0,21.0,9.971133992085864,21.22922435337624,-0.7489097951385486,-0.7059929070767266
10.0,21.0,9.78718411846156,21.20469908364892,-0.7489097951385486,-0.5908644732597979
10.0,21.0,10.028388941835848,21.01351093327077,-0.7489097951385486,-0.20727663535876106
10.0,22.0,10.014018972051694,21.78713372249996,-0.4731164299172337,-0.42034792862218084
10.0,22.0,9.792051462246928,22.19825003930357,-0.4731164299172337,-0.17292543342855005
10.0,22.0,10.345345949315393,22.044970946332704,-0.4731164299172337,-0.823689683279279
10.0,21.0,10.028388941835848,21.01351093327077,-0.36066424982945045,-0.20727663535876106
10.0,21.0,9.78718411846156,21.20469908364892,-0.36066424982945045,-0.5908644732597979
10.0,21.0,9.971133992085864,21.22922435337624,-0.36066424982945045,-0.7059929070767266
9.0,22.0,9.278577286069943,22.019843567976544,-1.4439489220167836,-1.574163037222378
9.0,22.0,8.775247397952716,21.77161471070383,-1.4439489220167836,-1.6334786187372203
8.0,21.0,7.82220860086149,20.983939112545688,-2.2772498562928485,-2.0249291254404183
7.0,21.0,7.037436468207975,21.001306862864777,-0.7319783595281562,-0.7720632358481482
7.0,21.0,7.293119945113789,21.25119229354063,-0.7319783595281562,-0.5952895137071391
7.0,21.0,7.2985300126771335,21.320317497345787,-0.7319783595281562,-0.2337423391317458
7.0,21.0,7.037436468207975,21.001306862864777,-1.0502086897209943,-0.7720632358481482
7.0,21.0,7.293119945113789,21.25119229354063,-1.0502086897209943,-0.5952895137071391
8.0,22.0,7.806029550514095,22.229850830024827,0.6241883157365349,0.2922849380243415
7.0,23.0,6.831683551436985,22.854900725937675,-0.8895748924520971,-0.7591414937309169
7.0,23.0,6.796166510720991,22.98918065878013,-0.8895748924520971,-0.46661796846533377
6.0,23.0,6.282544429143242,23.269971833162035,1.2440441851705475,0.9878638048389361
6.0,23.0,5.764753568914204,23.01214457389791,1.2440441851705475,0.5430317719044666
7.0,24.0,6.811241006242823,23.99605952414244,0.31789067213878663,0.38033809701828325
6.0,24.0,5.982161633234723,23.798557360740567,0.6734994175169895,0.023547954866233844
6.0,24.0,6.006849237980641,23.714089685507822,0.6734994175169895,-0.17760854607603416
6.0,23.0,5.996674004890536,23.285469957920235,-2.644551030860585,-2.1916437543592266
6.0,24.0,6.006772357659375,23.857757337270264,-0.85703269198575,-0.7641266243016701
6.0,24.0,6.193726657105346,23.810226803309693,-0.85703269198575,-1.114487869574462
6.0,23.0,5.841458970769134,23.151717904350708,-0.17051535325078981,-0.47678085006005944
5.0,24.0,4.7098706533484345,23.713821816712255,-2.1098826064864227,-1.508516038629411
4.0,23.0,4.00940802559202,23.24858926448568,-0.08263398063931404,0.0076523595601456496
4.0,23.0,3.7086504845561574,22.691281168449308,-0.08263398063931404,0.010591227359338484
4.0,24.0,3.9848369584752135,23.819002197900534,0.2817722541109602,0.32736214710220235
4.0,23.0,4.00940802559202,23.24858926448568,0.5581239045684834,0.0076523595601456496
4.0,23.0,3.7086504845561574,22.691281168449308,0.5581239045684834,0.010591227359338484
3.0,22.0,3.016646607635833,21.727639527666017,-1.363167159048521,-1.1608669739984987
3.0,21.0,3.2404589358648996,21.010195773702023,-0.5714541033782687,-0.5369480211986519
3.0,21.0,2.803976812294476,21.18149225249051,-0.5714541033782687,-0.7976669763755078
2.0,22.0,1.7213945557077763,21.712771173133245,-1.861832604498105,-1.7583185313585128
1.0,21.0,0.9689252265590704,21.00915439244996,-1.5030004375091521,-1.0026718994337465
1.0,21.0,1.2328217751105979,21.003200441988607,0.33931844255254906,0.09748138145403362
1.0,22.0,0.8408455754785729,21.997800518010944,-2.354143675069942,-2.352389946020498
1.0,22.0,0.7312258820537769,21.743087774763275,-2.354143675069942,-1.7294044929303194
0.0,22.0,0.18721962075287202,21.966139334709,-2.3392854132277305,-2.286138463689676
1.0,22.0,0.8408455754785729,21.997800518010944,-2.0868977356144294,-2.352389946020498
1.0,22.0,0.7312258820537769,21.743087774763275,-2.0868977356144294,-1.7294044929303194
1.0,22.0,0.7871180119160668,21.80604314473288,-2.0868977356144294,-1.481464301013344
0.0,21.0,-0.2581839907581269,21.27863456544229,-0.6946783129558285,-0.6606269709725401
-1.0,22.0,-0.9857523643041752,21.738489129907887,-0.4281163742666273,-0.7800195838545064
-1.0,21.0,-0.8264051484574264,20.831610353988417,-1.8287804794754017,-1.7616085253858378
-1.0,21.0,-1.3035797506060718,21.251279574930987,-1.8287804794754017,-1.3797231756293307
0.0,20.0,0.2722069598279211,19.981597622965296,-1.311131352714407,-1.004759311925619
1.0,20.0,0.8378701448692869,20.17765685328484,-0.3230027951396658,-0.635655515037324
1.0,20.0,1.0109317150865258,19.73594553764421,-0.3230027951396658,-0.7397453574706903
1.0,19.0,1.193835444145917,19.00688266251177,-1.8416928887329442,-1.5140324102274354
1.0,19.0,1.187443335912552,19.220102857435407,-1.8416928887329442,-1.341663450703046
2.0,20.0,2.2697375589708,19.753304914811142,0.42087407099936636,-0.01015456729371722
2.0,20.0,2.277416763301923,20.035031302929625,0.42087407099936636,1.03827920307896
3.0,19.0,2.798406543901041,18.97319757277647,-0.9888849727403336,-1.2020864390189934
2.0,19.0,1.9982097342855152,18.993661220687795,-2.256179023653321,-2.3699092139286417
2.0,19.0,2.014409621541932,19.14918596044173,-2.256179023653321,-2.079023603890409
2.0,19.0,2.20623461182283,18.810151507955872,-2.256179023653321,-2.462398778180935
2.0,20.0,2.0005919134117165,20.004814630714478,-1.1994701337814975,-1.481307549171268
2.0,20.0,2.2260304351956286,20.2229796550828,-1.1994701337814975,-0.6014009879424094
2.0,20.0,2.286866745303908,19.99855510585421,-2.591007712046442,-1.8473713038994777
3.0,20.0,2.759750435248408,19.978840716518505,0.1171427178577511,-0.04971103985251302
2.0,20.0,2.2260304351956286,20.2229796550828,-0.5987081167903143,-0.6014009879424094
3.0,21.0,3.2404589358648996,21.010195773702023,-0.5765270899604347,-0.5369480211986519
3.0,21.0,2.803976812294476,21.18149225249051,-0.5765270899604347,-0.7976669763755078
4.0,21.0,4.001908524717622,20.86605898596519,-0.3978680992947059,-0.7693077525784171
4.0,20.0,4.206131917644068,19.986901335371584,-2.9447375924618635,-2.50324895641195
5.0,20.0,5.167901668361935,19.850225055929304,-0.7800558429006718,-1.3248155112704194
6.0,19.0,5.97212537440941,19.04399979273812,-3.765876785482512,-3.121523169056906
6.0,19.0,5.97814336045866,19.262368670095,-1.0892195959175168,-0.8733417543389289
6.0,19.0,6.182353237241689,18.81702674075597,-1.0892195959175168,-0.8389472197383262
6.0,20.0,5.998589379230095,19.7792221830076,-0.12325502546270706,-0.3357168405013713
6.0,20.0,5.746449461674112,19.76038601139353,-0.12325502546270706,-0.7736758601925744
6.0,19.0,5.97814336045866,19.262368670095,-1.1378448720207621,-0.8733417543389289
6.0,19.0,6.182353237241689,18.81702674075597,-1.1378448720207621,-0.8389472197383262
7.0,18.0,7.009685758212951,18.257430479017824,0.28827692834464047,-0.09005614053837763
7.0,19.0,7.008317349282189,18.989004807315656,-1.2288745113980815,-0.8882457019679219
7.0,19.0,6.996342700627369,19.154661332428333,-1.2288745113980815,-0.711851724512963
7.0,19.0,7.220049157443009,18.97902530207669,0.2356090437522247,-0.10798561715327326
8.0,19.0,8.298442166221212,18.747919292958805,-1.1889016680682025,-1.3524577464259195
8.0,19.0,8.173321463730018,19.17186126430948,-1.1889016680682025,-0.7809107116885963
9.0,18.0,9.17187691423326,18.194508014426543,-1.7510562040184903,-1.7141013931386508
10.0,19.0,10.174871332214488,19.17538780349284,-1.6734469598604877,-1.664150689941501
10.0,19.0,10.013429485897776,18.80700975198318,-1.6734469598604877,-1.2731150301073044
10.0,19.0,10.208826337001952,18.8264991568009,-1.6734469598604877,-1.2406285604612493
11.0,20.0,10.9935678200987,19.98233769571636,-1.5373359524409205,-1.4611607856460587
11.0,20.0,10.763988621072386,19.70366647472458,-1.5373359524409205,-1.2179019885720797
11.0,20.0,10.9935678200987,19.98233769571636,-1.1988367620681852,-1.4611607856460587
11.0,20.0,10.763988621072386,19.70366647472458,-1.1988367620681852,-1.2179019885720797
10.0,19.0,10.013429485897776,18.80700975198318,-1.2669271781829725,-1.2731150301073044
10.0,19.0,10.208826337001952,18.8264991568009,-1.2669271781829725,-1.2406285604612493
10.0,19.0,10.174871332214488,19.17538780349284,-1.2669271781829725,-1.664150689941501
10.0,18.0,10.208737099537204,18.22222913639776,-1.2614689121693985,-1.1499920650509474
10.0,18.0,10.270217299575,18.27745929266219,-1.2614689121693985,-1.207534915622272
11.0,19.0,10.827200436750248,18.842076901660864,-1.0364117268525672,-0.9976910770276873
10.0,18.0,10.208737099537204,18.22222913639776,-0.8225727558345778,-1.1499920650509474
10.0,18.0,10.270217299575,18.27745929266219,-0.8225727558345778,-1.207534915622272
11.0,19.0,11.218086633728827,19.2390096189492,-2.420952216035242,-2.3741816898960177
12.0,20.0,12.004201724714337,20.25973234829092,-2.146317305348508,-1.6983159820720748
12.0,21.0,11.810773922886494,21.17192184019653,-0.4391548907713714,-0.4114218179830875
12.0,21.0,12.201385306497096,20.98579706679732,-0.4391548907713714,-1.209939663902774
11.0,22.0,10.795033400132535,22.003559704922697,-0.24434353404941223,-0.25242686044397256
10.0,22.0,10.014018972051694,21.78713372249996,-0.34844784882483026,-0.42034792862218084
10.0,22.0,9.792051462246928,22.19825003930357,-0.34844784882483026,-0.17292543342855005
10.0,22.0,10.345345949315393,22.044970946332704,-0.34844784882483026,-0.823689683279279
11.0,22.0,11.251418848165589,21.99062876471716,-1.887623651330089,-1.8148111644605693
12.0,22.0,11.980619357748118,22.00641041109246,-1.7150331617741252,-1.766479155024584
12.0,22.0,11.741012157945551,22.23208563841838,-1.7150331617741252,-1.982783570726816
12.0,22.0,11.980619357748118,22.00641041109246,-1.9037861018739148,-1.766479155024584
12.0,22.0,11.741012157945551,22.23208563841838,-1.9037861018739148,-1.982783570726816
11.0,23.0,10.819795632947253,22.80800810442123,-2.2293226414732157,-2.3172957355324035
11.0,23.0,10.75753038995174,23.254036940189064,-2.2293226414732157,-2.6487480870959423
10.0,24.0,10.269816798967458,24.2765042927575,-3.775260145737607,-3.027136460551246
11.0,25.0,11.013169338368218,25.0001845148407,-0.8458573125662866,-1.2173829612247835
11.0,25.0,11.219048194016388,25.00165949130803,-2.60242422289739,-2.5903972484982782
12.0,25.0,11.75938954122998,24.777003761206032,-2.541368702556679,-2.5595233713220944
12.0,25.0,12.274205041418265,25.024846345317403,-2.541368702556679,-2.0173416009755636
13.0,25.0,12.80777603109185,24.98688045359827,-0.4389632541370869,-0.4685557861430727
13.0,25.0,12.78371309563362,25.18023643763979,-0.4389632541370869,-0.1651727031696495
13.0,25.0,12.774072425559565,24.740013915222576,-0.4389632541370869,-0.6320126324167866
13.0,25.0,12.78563832482656,24.798630426732696,-0.4389632541370869,-0.8857532259648854
12.0,25.0,12.190994369194971,24.824900661908988,-0.5322323167863214,-0.5389160601893503
13.0,24.0,12.972482654575904,24.01903536452477,-0.5311581854747901,-0.4819395870697061
13.0,24.0,13.220735739443215,23.98536800587782,-0.5311581854747901,-0.6309585102335074
13.0,24.0,12.714506294020534,24.301564987255528,-0.5311581854747901,-0.8938505555050277
13.0,24.0,12.972482654575904,24.01903536452477,-0.4120881263153324,-0.4819395870697061
13.0,24.0,13.220735739443215,23.98536800587782,-0.4120881263153324,-0.6309585102335074
13.0,24.0,12.714506294020534,24.301564987255528,-0.4120881263153324,-0.8938505555050277
14.0,24.0,13.83120544749486,24.159601844901434,-1.292547500605669,-1.1259788629716865
14.0,24.0,13.776527702901246,24.00683322144973,-1.292547500605669,-1.7554094956005337
13.0,25.0,12.78371309563362,25.18023643763979,-0.23830748553548842,-0.1651727031696495
13.0,25.0,12.80777603109185,24.98688045359827,-0.23830748553548842,-0.4685557861430727
13.0,25.0,12.774072425559565,24.740013915222576,-0.23830748553548842,-0.6320126324167866
13.0,25.0,12.78563832482656,24.798630426732696,-0.23830748553548842,-0.8857532259648854
12.0,26.0,11.991319492520606,26.28711090067484,0.3104732623215334,0.014351513518100045
12.0,26.0,12.256742357696709,25.771296559290583,0.3104732623215334,-0.008878519030445231
12.0,26.0,12.254529804348284,25.991146423677858,0.3104732623215334,-0.3935868161274304
13.0,25.0,12.78563832482656,24.798630426732696,-1.01743016149132,-0.8857532259648854
13.0,25.0,12.988857921003907,24.998715300562036,-1.01743016149132,-1.366701133648632
13.0,25.0,12.774072425559565,24.740013915222576,-1.01743016149132,-0.6320126324167866
13.0,25.0,12.80777603109185,24.98688045359827,-1.01743016149132,-0.4685557861430727
12.0,24.0,11.999206197957244,23.838609129116996,-0.4136377312096302,-0.7345657741449181
12.0,24.0,12.287509896076514,24.33108984302781,-0.4136377312096302,-0.6316874356320408
13.0,25.0,12.988857921003907,24.998715300562036,-1.3130403613833739,-1.366701133648632
13.0,25.0,12.763487327762505,25.25734413621942,-1.3130403613833739,-1.6308400964482528
13.0,25.0,12.78563832482656,24.798630426732696,-1.3130403613833739,-0.8857532259648854
13.0,25.0,12.988857921003907,24.998715300562036,-1.5123346432131797,-1.366701133648632
13.0,25.0,12.763487327762505,25.25734413621942,-1.5123346432131797,-1.6308400964482528
13.0,25.0,12.78563832482656,24.798630426732696,-1.5123346432131797,-0.8857532259648854
13.0,25.0,13.271582842573135,24.96063633736319,1.0293503260138537,0.42435760815987456
14.0,25.0,13.981633749232136,24.80510624470248,-1.2315805814741645,-1.1013887458599223
14.0,24.0,13.7911938942917,24.208635151423525,-0.5921464067689834,-0.5880652864016359
14.0,24.0,13.83120544749486,24.159601844901434,-0.5921464067689834,-1.1259788629716865
13.0,25.0,12.80777603109185,24.98688045359827,-0.6441844137154521,-0.4685557861430727
13.0,25.0,12.774072425559565,24.740013915222576,-0.6441844137154521,-0.6320126324167866
13.0,25.0,12.78563832482656,24.798630426732696,-0.6441844137154521,-0.8857532259648854
13.0,25.0,12.78371309563362,25.18023643763979,-0.6441844137154521,-0.1651727031696495
12.0,24.0,11.999206197957244,23.838609129116996,-0.5640478265164062,-0.7345657741449181
12.0,24.0,12.287509896076514,24.33108984302781,-0.5640478265164062,-0.6316874356320408
12.0,23.0,11.96996779818575,22.965709290315512,-1.656846540205494,-1.7575165562360906
12.0,23.0,11.812232502250538,23.007605553135217,-1.656846540205494,-2.1576049054860125
12.0,23.0,11.812232502250538,23.007605553135217,-2.1339578823578114,-2.1576049054860125
12.0,23.0,11.96996779818575,22.965709290315512,-2.1339578823578114,-1.7575165562360906
11.0,23.0,10.819795632947253,22.80800810442123,-2.276360257361735,-2.3172957355324035
11.0,23.0,10.75753038995174,23.254036940189064,-2.276360257361735,-2.6487480870959423
10.0,22.0,9.986037101942149,21.81539189964944,-2.49040751379491,-2.430232564239419
10.0,22.0,10.204106835472396,21.802905930484368,-2.49040751379491,-2.782326462808112
10.0,22.0,9.843294651174032,22.19297945266796,-2.49040751379491,-2.0992181538424495
9.0,23.0,8.834332870443207,23.022770861064743,-0.11091767526553009,-0.26153576800997314
9.0,23.0,9.27926887390722,22.98507356211086,-0.11091767526553009,-0.15282761246038934
10.0,23.0,10.017561506821076,23.016103247083635,-0.33642400504777004,-0.3763293116562487
10.0,23.0,9.999196174885906,22.831750657571448,-0.33642400504777004,-1.0124447281114437
10.0,23.0,10.017561506821076,23.016103247083635,-0.5612801284675316,-0.3763293116562487
10.0,23.0,9.999196174885906,22.831750657571448,-0.5612801284675316,-1.0124447281114437
10.0,22.0,10.204106835472396,21.802905930484368,-3.092195402298897,-2.782326462808112
10.0,22.0,9.986037101942149,21.81539189964944,-3.092195402298897,-2.430232564239419
11.0,21.0,10.71257586030341,21.003048432375184,-1.6569066536804282,-1.3416007720821628
10.0,21.0,9.971133992085864,21.22922435337624,-0.6384028825925592,-0.7059929070767266
10.0,21.0,9.78718411846156,21.20469908364892,-0.6384028825925592,-0.5908644732597979
10.0,21.0,10.028388941835848,21.01351093327077,-0.6384028825925592,-0.20727663535876106
10.0,21.0,9.734054126506424,20.99026139724533,0.9841141497004089,0.3040077585720049
9.0,21.0,8.819047396514527,21.00365488049483,-1.5901123133778516,-1.3312936669906066
8.0,21.0,7.972795605856097,20.771245834224175,-0.13092751632144728,-0.7535868922051513
8.0,20.0,7.833914149909608,19.84707866831136,-2.550826224486105,-2.569854025679626
8.0,20.0,8.021828215475471,19.98028724754653,-2.550826224486105,-2.032917325669311
8.0,20.0,8.024165898141888,19.72453967581775,-2.550826224486105,-1.9572923975190681
8.0,19.0,8.173321463730018,19.17186126430948,-0.18082632760423734,-0.7809107116885963
9.0,20.0,8.741636887054415,20.03595047291327,-3.468274985711985,-2.9707843577966804
8.0,20.0,8.021828215475471,19.98028724754653,-1.6405531893647227,-2.032917325669311
8.0,20.0,8.024165898141888,19.72453967581775,-1.6405531893647227,-1.9572923975190681
8.0,20.0,7.833914149909608,19.84707866831136,-2.9068972950661665,-2.569854025679626
8.0,20.0,8.741636887054415,20.03595047291327,-2.9068972950661665,-2.9707843577966804
8.0,20.0,8.021828215475471,19.98028724754653,-2.9068972950661665,-2.032917325669311
7.0,19.0,7.008317349282189,18.989004807315656,-0.8071703964886318,-0.8882457019679219
7.0,19.0,6.996342700627369,19.154661332428333,-0.8071703964886318,-0.711851724512963
7.0,20.0,6.757243248271743,20.004844894236182,-0.2582380238831319,-0.40724452839086045
7.0,20.0,7.294664773694999,20.00786628110128,-0.2582380238831319,0.013163500687413121
6.0,20.0,5.746449461674112,19.76038601139353,-0.870820926293142,-0.7736758601925744
6.0,20.0,5.998589379230095,19.7792221830076,-0.870820926293142,-0.3357168405013713
5.0,19.0,5.256330469835911,19.27324262727925,-0.45468678933601925,-0.8041514803256421
6.0,20.0,6.196594680919317,19.99763893872908,-1.9190532532835363,-1.5221015909120998
7.0,20.0,7.294664773694999,20.00786628110128,0.1267638456643112,0.013163500687413121
7.0,20.0,6.757243248271743,20.004844894236182,0.1267638456643112,-0.40724452839086045
8.0,20.0,8.195221060463858,19.99178581087347,-0.20565046625310202,-0.38110018484295294
9.0,20.0,9.218274923215422,19.83578036421961,-1.0768364691453074,-1.0726815882432272
10.0,19.0,10.013429485897776,18.80700975198318,-1.0760850745609927,-1.2731150301073044
10.0,19.0,10.208826337001952,18.8264991568009,-1.0760850745609927,-1.2406285604612493
11.0,18.0,11.014788316239695,17.9922824914773,-2.0352561513252345,-1.6711760606822819
11.0,18.0,11.290771778176731,18.2832806420512,-2.0352561513252345,-1.5320252669705323
12.0,19.0,11.996962076872284,18.98595221414745,-0.13263943834604608,-0.47427158554044424
12.0,19.0,12.173328563991944,18.83286186332093,-2.020581979215428,-2.0670136306869704
13.0,18.0,13.241918175333725,17.749193934213395,-2.310958811089045,-2.0905534590105437
14.0,17.0,14.000562002710096,16.767412162714177,-1.443754373180776,-1.639201434016352
14.0,17.0,13.776050433605883,16.96161927588746,-1.443754373180776,-1.7867729446514304
14.0,17.0,13.744170434709991,17.02062822086581,-1.443754373180776,-1.0244039011374007
14.0,17.0,13.711853836892768,16.708846754569368,-1.443754373180776,-1.7506397867192285
14.0,16.0,14.226969283373236,16.227859405154014,-2.353846767092058,-1.7287161666946727
15.0,17.0,14.832941329108444,16.989343428985325,0.4234383505595569,0.017870522183967896
14.0,17.0,13.99397535155538,17.24917706917781,-2.2065471300418737,-2.069156067563343
14.0,17.0,13.776050433605883,16.96161927588746,-2.2065471300418737,-1.7867729446514304
14.0,17.0,13.711853836892768,16.708846754569368,-2.2065471300418737,-1.7506397867192285
14.0,17.0,14.000562002710096,16.767412162714177,-2.2065471300418737,-1.639201434016352
14.0,18.0,14.23708924998443,18.22343283614815,-1.7245391139987813,-1.8528225303498211
14.0,18.0,13.812093504074614,18.184521228838783,-1.7245391139987813,-1.1470256653054116
15.0,19.0,14.725589218457486,19.27940900518637,-2.32340702601823,-1.938606078532507
15.0,19.0,14.853034472232046,18.858299660940094,-2.32340702601823,-1.7859352581739354
14.0,20.0,14.030980081828202,19.683959312780924,-0.8554576391515495,-1.1223003334550348
14.0,20.0,13.744838164842,19.789991991157496,-0.8554576391515495,-1.3051351559675286
14.0,19.0,13.999790531381771,18.993459980148288,-1.8264145786970065,-1.6619580092455823
14.0,19.0,14.218696769060058,18.991898345716795,-1.8264145786970065,-1.1733351291887786
14.0,19.0,14.218696769060058,18.991898345716795,-1.1882957422978258,-1.1733351291887786
14.0,19.0,13.999790531381771,18.993459980148288,-1.1882957422978258,-1.6619580092455823
14.0,19.0,13.988183239311478,18.72848520567819,-1.1882957422978258,-0.7524391471967372
15.0,19.0,14.753896850779135,18.999163229820205,-1.0918528641271683,-0.8689948730352863
15.0,19.0,14.772830854142654,19.2540109079951,-1.0918528641271683,-1.287569370312497
14.0,19.0,13.988183239311478,18.72848520567819,-0.002524141850382411,-0.7524391471967372
14.0,18.0,14.26555510841604,18.26667065443512,-2.7299907111008235,-2.303502705526788
15.0,19.0,14.772830854142654,19.2540109079951,-1.2686421599362745,-1.287569370312497
15.0,19.0,14.753896850779135,18.999163229820205,-1.2686421599362745,-0.8689948730352863
15.0,19.0,14.853034472232046,18.858299660940094,-1.2686421599362745,-1.7859352581739354
14.0,20.0,13.744838164842,19.789991991157496,-1.2742745649648997,-1.3051351559675286
14.0,20.0,14.030980081828202,19.683959312780924,-1.2742745649648997,-1.1223003334550348
13.0,19.0,12.991861129695277,19.232293680803444,-1.2664840446325782,-0.9942572021380051
13.0,20.0,13.002526455827676,19.971007278326823,-0.000486836005398783,-0.17678206417605813
13.0,20.0,13.023531462356658,19.822511914980065,-1.0219936906715597,-0.8715882659787462
13.0,19.0,12.821096806103196,18.827143250293503,-0.30693582620173077,-0.16202896505836628
13.0,19.0,13.211885809187304,18.786850671909026,-0.30693582620173077,-0.5315709653459888
13.0,19.0,12.991861129695277,19.232293680803444,-0.30693582620173077,-0.9942572021380051
12.0,18.0,12.29395019899392,17.726242093914664,0.4888330867345281,0.15523468997085743
12.0,18.0,11.662486223447566,17.969517614883987,0.4888330867345281,-0.14479561995540913
11.0,18.0,11.014788316239695,17.9922824914773,-1.8106702608695153,-1.6711760606822819
11.0,18.0,11.290771778176731,18.2832806420512,-1.8106702608695153,-1.5320252669705323
11.0,18.0,11.007282493629438,17.970038162556094,-1.1479174998075221,-0.8522880997664302
11.0,18.0,11.014788316239695,17.9922824914773,-1.1479174998075221,-1.6711760606822819
11.0,18.0,11.290771778176731,18.2832806420512,-1.1479174998075221,-1.5320252669705323
11.0,18.0,11.147692012166718,18.022285655260003,0.22475323296046756,0.28428700348835845
11.0,18.0,11.662486223447566,17.969517614883987,0.22475323296046756,-0.14479561995540913
12.0,18.0,12.29395019899392,17.726242093914664,0.6153022422367136,0.15523468997085743
12.0,18.0,11.662486223447566,17.969517614883987,0.6153022422367136,-0.14479561995540913
13.0,17.0,13.148417380763853,16.846447146325282,-1.1059466907337836,-0.9998695077711249
13.0,17.0,12.848671610456655,17.15181568881549,-1.1059466907337836,-0.992379868270482
13.0,17.0,13.255648969180726,16.794440747452605,-1.1059466907337836,-1.373253586396137
13.0,17.0,12.996536578165625,17.19420421251162,-1.1059466907337836,-1.5412206962533217
14.0,16.0,14.01591710475275,16.026578752773528,-0.5108404205360235,-0.6003232861506687
14.0,16.0,14.000869609835062,16.25299349862057,-0.5108404205360235,-1.0538034706629889
14.0,16.0,13.998124747064027,16.22409924761125,-1.1195323699126452,-1.2095343432019419
14.0,16.0,14.000869609835062,16.25299349862057,-1.1195323699126452,-1.0538034706629889
14.0,16.0,14.01591710475275,16.026578752773528,-1.1195323699126452,-0.6003232861506687
14.0,17.0,13.744170434709991,17.02062822086581,-0.7434670072305039,-1.0244039011374007
13.0,17.0,12.996536578165625,17.19420421251162,-1.8121801865408105,-1.5412206962533217
13.0,17.0,13.255648969180726,16.794440747452605,-1.8121801865408105,-1.373253586396137
13.0,18.0,12.759334469694087,17.76947578721974,-0.6414426828275896,-0.7242083498445224
13.0,18.0,13.317312694310914,17.74436285558696,-0.6414426828275896,-1.0923647779098842
14.0,17.0,13.99397535155538,17.24917706917781,-2.2309957756305145,-2.069156067563343
14.0,17.0,13.776050433605883,16.96161927588746,-2.2309957756305145,-1.7867729446514304
14.0,17.0,13.711853836892768,16.708846754569368,-2.2309957756305145,-1.7506397867192285
14.0,17.0,14.000562002710096,16.767412162714177,-2.2309957756305145,-1.639201434016352
13.0,17.0,12.848671610456655,17.15181568881549,-0.6742827953399292,-0.992379868270482
13.0,17.0,13.148417380763853,16.846447146325282,-0.6742827953399292,-0.9998695077711249
13.0,17.0,13.255648969180726,16.794440747452605,-0.6742827953399292,-1.373253586396137
12.0,18.0,11.982329362519822,17.847300510616883,-2.7131250148846364,-2.241991082670647
12.0,17.0,12.164259571089636,16.98736693224324,-0.04079716212013462,0.1448952019311729
12.0,17.0,11.969537091431176,17.23098789618776,-0.04079716212013462,-0.42259025564422115
12.0,17.0,12.29395019899392,17.726242093914664,-0.04079716212013462,0.15523468997085743
12.0,18.0,12.142186185969468,18.01458808913109,-1.4729814519275173,-1.3916521525906405
12.0,18.0,11.827414389603696,18.168071081436025,-1.4729814519275173,-1.3482529120030462
13.0,18.0,13.317312694310914,17.74436285558696,-1.0721869176118286,-1.0923647779098842
13.0,18.0,12.759334469694087,17.76947578721974,-1.0721869176118286,-0.7242083498445224
12.0,17.0,12.164259571089636,16.98736693224324,0.45870933370504474,0.1448952019311729
12.0,17.0,12.29395019899392,17.726242093914664,0.45870933370504474,0.15523468997085743
13.0,17.0,12.996536578165625,17.19420421251162,-1.3453657651736253,-1.5412206962533217
13.0,17.0,13.255648969180726,16.794440747452605,-1.3453657651736253,-1.373253586396137
13.0,17.0,13.148417380763853,16.846447146325282,-1.3453657651736253,-0.9998695077711249
13.0,17.0,12.848671610456655,17.15181568881549,-1.3453657651736253,-0.992379868270482
14.0,16.0,13.998124747064027,16.22409924761125,-1.4072633398084906,-1.2095343432019419
14.0,16.0,14.000869609835062,16.25299349862057,-1.4072633398084906,-1.0538034706629889
14.0,16.0,14.226969283373236,16.227859405154014,-1.4072633398084906,-1.7287161666946727
14.0,17.0,13.744170434709991,17.02062822086581,-0.5965037275475942,-1.0244039011374007
14.0,17.0,14.002396009233962,17.326507966501524,-0.5965037275475942,-0.06605303970268162
14.0,18.0,14.213374985155612,17.98059930887461,1.0359754276997024,0.6819359283209634
14.0,18.0,14.302406992083924,18.266126723580857,1.0359754276997024,0.17451175718591916
15.0,19.0,14.853034472232046,18.858299660940094,-1.8942696978217752,-1.7859352581739354
15.0,19.0,14.725589218457486,19.27940900518637,-1.8942696978217752,-1.938606078532507
15.0,19.0,14.772830854142654,19.2540109079951,-1.8942696978217752,-1.287569370312497
14.0,18.0,13.812093504074614,18.184521228838783,-1.193863856729738,-1.1470256653054116
13.0,19.0,12.991861129695277,19.232293680803444,-0.9608745068908554,-0.9942572021380051
13.0,19.0,13.211885809187304,18.786850671909026,-0.9608745068908554,-0.5315709653459888
14.0,18.0,14.213374985155612,17.98059930887461,1.064328060738879,0.6819359283209634
14.0,18.0,14.302406992083924,18.266126723580857,1.064328060738879,0.17451175718591916
15.0,18.0,14.851526315180118,17.85171189930244,-0.9601280195289366,-1.0961439553812522
14.0,17.0,14.000562002710096,16.767412162714177,-1.6998395431119913,-1.639201434016352
14.0,17.0,13.776050433605883,16.96161927588746,-1.6998395431119913,-1.7867729446514304
14.0,17.0,13.711853836892768,16.708846754569368,-1.6998395431119913,-1.7506397867192285
14.0,17.0,13.99397535155538,17.24917706917781,-1.6998395431119913,-2.069156067563343
14.0,17.0,13.744170434709991,17.02062822086581,-1.6998395431119913,-1.0244039011374007
13.0,16.0,12.98320285030995,16.005379024956977,-1.74840477874083,-1.4292015594677407
13.0,16.0,13.243979910856163,15.752696377346037,0.3820147886562826,0.27365623830844443
14.0,15.0,14.017581642794228,14.764152076336613,0.0009471311669915217,-0.10370419174276357
14.0,14.0,14.3397215492147,13.718224235501456,-0.6287799692265506,-0.8232209190628336
15.0,13.0,15.010262919408483,13.005265383007762,-1.4487232214014771,-1.3291486920720514
15.0,13.0,15.000398302376983,12.99509205045013,-1.4487232214014771,-0.9039557853470797
15.0,13.0,15.000398302376983,12.99509205045013,-0.9244470442910077,-0.9039557853470797
15.0,13.0,15.240016767151417,12.755395212162268,-0.9244470442910077,-0.7386113615258865
15.0,13.0,15.010262919408483,13.005265383007762,-0.9244470442910077,-1.3291486920720514
15.0,13.0,15.000398302376983,12.99509205045013,-0.7340845071626526,-0.9039557853470797
15.0,13.0,15.240016767151417,12.755395212162268,-0.7340845071626526,-0.7386113615258865
15.0,13.0,15.010262919408483,13.005265383007762,-0.7340845071626526,-1.3291486920720514
16.0,12.0,15.989972449816442,12.17856855452939,-0.7827521051011056,-0.7930879018353755
16.0,12.0,15.740821198633501,12.281559783187245,-0.7827521051011056,-0.3830744008071685
16.0,13.0,15.826755949373574,12.809508413067418,-0.7958801638268352,-0.6587150052922395
16.0,13.0,16.235290190094037,13.018034440293697,-0.7958801638268352,-1.0758630924506838
15.0,12.0,15.154065132093564,12.16400114433042,0.12170364484095764,-0.08129399542153115
16.0,13.0,16.235290190094037,13.018034440293697,-1.109858364216195,-1.0758630924506838
16.0,13.0,15.826755949373574,12.809508413067418,-1.109858364216195,-0.6587150052922395
17.0,13.0,16.672999738117316,12.719686727480116,-1.0435429771504205,-0.5866632676359191
16.0,12.0,16.020838294876157,11.687855876403043,0.37154037855211874,-0.05616708305289364
16.0,12.0,15.740821198633501,12.281559783187245,0.37154037855211874,-0.3830744008071685
16.0,11.0,15.786253628544735,11.20864786479984,-1.0560250942799592,-1.1021471846295343
15.0,12.0,15.209696478729214,11.987866506224329,-1.2834070316470707,-1.2030234187356088
16.0,12.0,15.989972449816442,12.17856855452939,-0.8595862789527602,-0.7930879018353755
16.0,12.0,15.740821198633501,12.281559783187245,-0.8595862789527602,-0.3830744008071685
15.0,13.0,14.785373203372654,13.00396148877271,0.8216146009463907,0.4478912901634078
14.0,13.0,13.843293526476186,12.84557273839158,-0.8452448555112697,-0.9470233967507532
13.0,12.0,12.741516618078364,12.022139678633684,-1.4559972244516821,-0.8348799350994919
12.0,12.0,12.020762370077287,11.803629742623396,0.9553505823942252,0.6362506712176108
12.0,11.0,12.21786968399278,10.98488223224877,-0.5314690444220396,-0.5008302521597678
13.0,11.0,13.029910756946755,11.222636343181351,-0.4850784358362862,-0.29082781129282287
13.0,12.0,13.154176308557323,12.194297550680062,0.5065048327502375,0.003229498066406933
14.0,13.0,14.013439617611864,12.784722721705071,-2.063509523398929,-2.001233646992624
14.0,12.0,13.777921152228569,12.24166733107765,-1.8390905100666817,-1.4650360682744898
13.0,13.0,12.781185584420276,13.22929162162223,-0.5209265773125398,-0.7170508642031697
12.0,14.0,11.746421014928112,14.302530701538386,-1.405249604261169,-0.8270689971298157
11.0,15.0,10.98969661399739,15.17003271570146,0.6880735917645715,0.44349563029524397
11.0,16.0,10.990011343891457,16.171707622229093,-0.7553274239483656,-0.5072044608480287
11.0,17.0,11.204160354872824,17.18487312385491,0.559820158992375,0.11120868233181991
12.0,18.0,12.142186185969468,18.01458808913109,-1.6553079664151469,-1.3916521525906405
12.0,18.0,11.827414389603696,18.168071081436025,-1.6553079664151469,-1.3482529120030462
12.0,18.0,11.982329362519822,17.847300510616883,-1.6553079664151469,-2.241991082670647
11.0,19.0,11.164475032657148,19.145705783975394,0.04167626603774632,-0.1148214073550301
12.0,20.0,11.992376938814656,20.296359363041237,-0.9625630127692544,-1.058031134855791
12.0,21.0,12.201385306497096,20.98579706679732,-1.2078438787119392,-1.209939663902774
13.0,21.0,13.260259479343327,21.283819735427198,-1.2539471443656687,-1.1315111697646967
14.0,22.0,14.173887568060143,22.186561660075707,-0.8542390621421717,-1.02978645562652
15.0,23.0,15.143603224907462,22.828341950767275,-1.8281794967727627,-1.7081991146066704
16.0,22.0,15.794462113978199,22.176646944415204,-1.1656858775271515,-0.6485499938667293
15.0,23.0,14.698705652279662,23.282663574613284,1.545952796301754,0.4750428127564972
14.0,24.0,13.776527702901246,24.00683322144973,-2.3094660892575005,-1.7554094956005337
13.0,24.0,12.972482654575904,24.01903536452477,-0.3789274739003542,-0.4819395870697061
13.0,24.0,13.220735739443215,23.98536800587782,-0.3789274739003542,-0.6309585102335074
13.0,24.0,12.714506294020534,24.301564987255528,-0.3789274739003542,-0.8938505555050277
12.0,25.0,11.75938954122998,24.777003761206032,-2.415038466410257,-2.5595233713220944
12.0,25.0,12.274205041418265,25.024846345317403,-2.415038466410257,-2.0173416009755636
10.0,25.0,9.819452662677598,25.16241395990317,0.13941424761262722,-0.15162621995565795
9.0,26.0,9.00406016464451,26.306793084418462,-1.5457522533685788,-1.6674200358009097
9.0,27.0,9.200679467718778,26.981143485879336,-1.9238153274339278,-1.9471412951138156
10.0,27.0,10.247391899330497,27.00557059624928,-2.1823672766077173,-1.4475646418369337
11.0,27.0,11.232433529961064,26.750035987818254,0.7222880049398483,0.18685425993341687
11.0,27.0,10.992519979608735,27.264701923412115,0.7222880049398483,-0.03141433572674479
11.0,28.0,10.730109085273757,28.02641385033798,-2.1424436123695942,-1.6190929950442121
10.0,28.0,10.299628167814046,28.034734619130315,-0.2035641517444966,-0.6408280196358602
11.0,28.0,10.730109085273757,28.02641385033798,-1.5876029562286402,-1.6190929950442121
11.0,28.0,10.756656689532756,27.72727177868163,-1.5876029562286402,-1.274862142956481
10.0,27.0,10.250631334399277,27.00552230344269,-0.36578289970568234,-0.23422768351420364
10.0,27.0,10.2402854700604,26.757524241505887,-0.36578289970568234,-0.4585972696916826
11.0,27.0,10.992519979608735,27.264701923412115,0.1563770682777179,-0.03141433572674479
11.0,27.0,11.232433529961064,26.750035987818254,0.1563770682777179,0.18685425993341687
12.0,26.0,11.991319492520606,26.28711090067484,0.3711645489425519,0.014351513518100045
12.0,26.0,12.256742357696709,25.771296559290583,0.3711645489425519,-0.008878519030445231
12.0,26.0,12.254529804348284,25.991146423677858,0.3711645489425519,-0.3935868161274304
12.0,27.0,11.852912112565496,27.15760291973725,-0.956024724226365,-0.8386059402963714
11.0,28.0,10.770024564850043,27.74943428199936,-0.24629041622407766,-0.3762923101228155
10.0,27.0,10.2402854700604,26.757524241505887,-0.766015466526921,-0.4585972696916826
10.0,27.0,10.250631334399277,27.00552230344269,-0.766015466526921,-0.23422768351420364
11.0,26.0,11.001072090109616,25.84906928475573,0.4722478804422372,0.5073752503885527
11.0,26.0,11.232433529961064,26.750035987818254,0.4722478804422372,0.18685425993341687
11.0,25.0,11.23771841216019,25.273443418684295,0.7338217055087699,0.4383077178293122
12.0,26.0,12.254529804348284,25.991146423677858,-0.398975595979955,-0.3935868161274304
12.0,26.0,11.991319492520606,26.28711090067484,-0.398975595979955,0.014351513518100045
12.0,26.0,12.256742357696709,25.771296559290583,-0.398975595979955,-0.008878519030445231
13.0,26.0,12.835452082376818,26.15812087592779,-0.255948223564458,-0.07149424301234697
12.0,27.0,11.99792677608055,27.207049326371727,0.9768428777171625,0.8517122007818607